id,side,pdfPage,cataloguePage,variant,name,code,sizeMm,sizeFt,finish,pcsPerBox,boxWeightKg,surface,category,subCategory,bodyType,textureFile,textureUrl,nameOcrRaw,headerOcrRaw,footerOcrRaw,confidence,nameScore,nameScoreReason
gt-floor-c001,L,3,1,1,Anilaz Grey,,600×1200mm,2×4 Ft,Glossy,2,27.00,Floor,Tiles,Floor Tiles,PGVT,gt-floor-2025-p01-t1-clean.webp,/assets/catalogue/clean_swatches/gt-floor-2025-p01-t1-clean.webp,ANILAZ GREY (Glossy),2x4Ft | 600x1200mm | G LO S SY,2 Pcs / 27.00 Kgs. Packing Weight (approx),high,90,wordy-multi
gt-floor-c002,R,3,2,2,Jubil Green,,600×1200mm,2×4 Ft,Glossy,2,27.00,Floor,Tiles,Floor Tiles,PGVT,gt-floor-2025-p02-t2-clean.webp,/assets/catalogue/clean_swatches/gt-floor-2025-p02-t2-clean.webp,"a “ Cae "" a _~ ee ae Pires Se ee ae > | JUBIL GREEN (Glossy)",GLOSSY Size : VITRIFIED TILES 2x4Ft | 600x1200mm | GLO,2 Pcs / 27.00 Kgs. Packing Weight (approx),high,90,wordy-multi
gt-floor-c003,L,4,3,1,Hope Wave,,600×1200mm,2×4 Ft,Glossy,2,27.00,Floor,Tiles,Floor Tiles,PGVT,gt-floor-2025-p03-t1-clean.webp,/assets/catalogue/clean_swatches/gt-floor-2025-p03-t1-clean.webp,HOPE WAVE (Glossy),2x4Ft | 600x1200mm | G LO S SY,2 Pcs / 27.00 Kgs. Packing Weight (approx),high,90,wordy-multi
gt-floor-c004,R,4,4,2,Vartus Statuario Gold,,600×1200mm,2×4 Ft,Glossy,2,27.00,Floor,Tiles,Floor Tiles,PGVT,gt-floor-2025-p04-t2-clean.webp,/assets/catalogue/clean_swatches/gt-floor-2025-p04-t2-clean.webp,VARTUS STATUARIO GOLD (Glossy),GLOSSY Size : VITRIFIED TILES 2x4Ft | 600x1200mm | GLO,2 Pcs / 27.00 Kgs. Packing Weight (approx),high,90,wordy-multi
gt-floor-c005,L,5,5,1,Taylor Blue,,600×1200mm,2×4 Ft,Glossy,2,27.00,Floor,Tiles,Floor Tiles,PGVT,gt-floor-2025-p05-t1-clean.webp,/assets/catalogue/clean_swatches/gt-floor-2025-p05-t1-clean.webp,"£ g ee > F WA (> te if : A i s) hy, TAYLOR BLUE (Glossy)",2x4Ft | 600x1200mm | G LO S SY,2 Pcs / 27.00 Kgs. Packing Weight (approx),high,90,wordy-multi
gt-floor-c006,R,5,6,2,G-15032,G-15032,600×1200mm,2×4 Ft,Glossy,2,27.00,Floor,Tiles,Floor Tiles,PGVT,gt-floor-2025-p06-t2-clean.webp,/assets/catalogue/clean_swatches/gt-floor-2025-p06-t2-clean.webp,"eA ee rida Crees aI MoT ee CD a oe SES ig po er ReRecrny (yo Sere COI | gaan at a ge: MRM Sec co: See oro ye ike — <p! aad a Be Sy, aoe Een 43) pres = i =e yar his Ae ee ” eee ait Jo e ie, on tm ST ta",GLOSSY Size : VITRIFIED TILES 2x4Ft | 600x1200mm | GLO,2 Pcs / 27.00 Kgs. Packing Weight (approx),high,95,
gt-floor-c007,L,6,7,1,G-15741,G-15741,600×1200mm,2×4 Ft,Glossy,2,27.00,Floor,Tiles,Floor Tiles,PGVT,gt-floor-2025-p07-t1-clean.webp,/assets/catalogue/clean_swatches/gt-floor-2025-p07-t1-clean.webp,G-15741 (Glossy),2x4Ft | 600x1200mm | G LO S SY,2 Pcs / 27.00 Kgs. Packing Weight (approx),high,95,
gt-floor-c008,R,6,8,2,Dorlin White,,600×1200mm,2×4 Ft,Glossy,2,27.00,Floor,Tiles,Floor Tiles,PGVT,gt-floor-2025-p08-t2-clean.webp,/assets/catalogue/clean_swatches/gt-floor-2025-p08-t2-clean.webp,=— NG *< x. > A \ 1 ‘ WY DORLIN WHITE (Glossy),GLOSSY Size : VITRIFIED TILES 2x4Ft | 600x1200mm | GLO,2 Pcs / 27.00 Kgs. Packing Weight (approx),high,90,wordy-multi
gt-floor-c009,L,7,9,1,Trinity Beige,,600×1200mm,2×4 Ft,Glossy,2,27.00,Floor,Tiles,Floor Tiles,PGVT,gt-floor-2025-p09-t1-clean.webp,/assets/catalogue/clean_swatches/gt-floor-2025-p09-t1-clean.webp,"= , ~"" > a the WA / 3 ot ‘ “- Nye iy * a 6 : ' a ‘= : ; We % ae es “A ' F TRINITY BEIGE (Glossy)",a 2x4Ft | 600x1200mm & MAT T,BENGE WEE © GEN Ue E PWD y A VIG) ee 2 Pcs / 27.00 Kgs. Packing Weight (approx),high,90,wordy-multi
gt-floor-c010,R,7,10,2,Global Floor Tile #10,,600×1200mm,2×4 Ft,Glossy,2,27.00,Floor,Tiles,Floor Tiles,PGVT,gt-floor-2025-p10-t2-clean.webp,/assets/catalogue/clean_swatches/gt-floor-2025-p10-t2-clean.webp,". : - on N fags wc } ia ae . t . - | it . — — —_.— a sae ""+ > ne | .~ eel . ' ae NS “eA, . . . ' ; . ‘ f : 4 nel: wa . a aot ‘ ‘",GLOSSY & MATT Size: | GLO VITRIFIED TILES 2x4Ft | 600x1200mm | gM A,2 Pcs / 27.00 Kgs. Packing Weight (approx),placeholder,15,fragmented
gt-floor-c011,L,8,11,1,Arson Crema,,600×1200mm,2×4 Ft,Glossy,2,27.00,Floor,Tiles,Floor Tiles,PGVT,gt-floor-2025-p11-t1-clean.webp,/assets/catalogue/clean_swatches/gt-floor-2025-p11-t1-clean.webp,ARSON CREMA (Glossy),2x4Ft | 600x1200mm | G LO S SY,2 Pcs / 27.00 Kgs. Packing Weight (approx),high,90,wordy-multi
gt-floor-c012,R,8,12,2,Canyon Grey Onyx,,600×1200mm,2×4 Ft,Glossy,2,27.00,Floor,Tiles,Floor Tiles,PGVT,gt-floor-2025-p12-t2-clean.webp,/assets/catalogue/clean_swatches/gt-floor-2025-p12-t2-clean.webp,"gg = r ina =E- x ———, i # 5 4 j hy il CANYON GREY ONYX (Glossy)",GLOSSY Size : VITRIFIED TILES 2x4Ft | 600x1200mm | G LO,2 Pcs / 27.00 Kgs. Packing Weight (approx),high,90,wordy-multi
gt-floor-c013,L,9,13,1,Bellarian Beige,,600×1200mm,2×4 Ft,Glossy,2,27.00,Floor,Tiles,Floor Tiles,PGVT,gt-floor-2025-p13-t1-clean.webp,/assets/catalogue/clean_swatches/gt-floor-2025-p13-t1-clean.webp,BELLARIAN BEIGE (Glossy),2x4Ft | 600x1200mm | G LO S SY,2 Pcs / 27.00 Kgs. Packing Weight (approx),high,90,wordy-multi
gt-floor-c014,R,9,14,2,Florim Cedar,,600×1200mm,2×4 Ft,Glossy,2,27.00,Floor,Tiles,Floor Tiles,PGVT,gt-floor-2025-p14-t2-clean.webp,/assets/catalogue/clean_swatches/gt-floor-2025-p14-t2-clean.webp,FLORIM CEDAR (Glossy),GLOSSY Size : VITRIFIED TILES 2x4Ft | 600x1200mm | G LO,2 Pcs / 27.00 Kgs. Packing Weight (approx),high,90,wordy-multi
gt-floor-c015,L,10,15,1,Trinity Griss,,600×1200mm,2×4 Ft,Glossy,2,27.00,Floor,Tiles,Floor Tiles,PGVT,gt-floor-2025-p15-t1-clean.webp,/assets/catalogue/clean_swatches/gt-floor-2025-p15-t1-clean.webp,"er -epe ae . £ rnd - a : ' alighact 2 ee ‘5 ae ""i Fe! a et - - \ if ; = : ‘add = a 3 t% a - ej Sz, 3 abe a ; / i it. “a i - €/ au, ing é i “4 *% = ad es i - : TRINITY GRISS (Glossy)",a 2x4Ft | 600x1200mm & MAT T,BENGE WEE © NEN FE VWI OOY OH VIGIL ee 2 Pcs / 27.00 Kgs. Packing Weight (approx),high,90,wordy-multi
gt-floor-c016,R,10,16,2,Global Floor Tile #16,,600×1200mm,2×4 Ft,Glossy,2,27.00,Floor,Tiles,Floor Tiles,PGVT,gt-floor-2025-p16-t2-clean.webp,/assets/catalogue/clean_swatches/gt-floor-2025-p16-t2-clean.webp,ry BP) at gy . A oe og te ° . ; 4 ; ee ers | . ® - .t ‘al ’ } ; ; * ;*. |} ot ee ray ie aad . ; ns : “ ‘ 1 mz | yee - . | m ri _ wy ™ a - _,GLOSSY & MATT Size: | GLO VITRIFIED TILES 2x4Ft | 600x1200mm | & MA,2 Pcs / 27.00 Kgs. Packing Weight (approx),placeholder,55,borderline
gt-floor-c017,L,11,17,1,Carrara Ultima,,600×1200mm,2×4 Ft,Glossy,2,27.00,Floor,Tiles,Floor Tiles,PGVT,gt-floor-2025-p17-t1-clean.webp,/assets/catalogue/clean_swatches/gt-floor-2025-p17-t1-clean.webp,CARRARA ULTIMA (Glossy),2x4Ft | 600x1200mm | G LO S SY,2 Pcs / 27.00 Kgs. Packing Weight (approx),high,90,wordy-multi
gt-floor-c018,R,11,18,2,Dallas Aqua,,600×1200mm,2×4 Ft,Glossy,2,27.00,Floor,Tiles,Floor Tiles,PGVT,gt-floor-2025-p18-t2-clean.webp,/assets/catalogue/clean_swatches/gt-floor-2025-p18-t2-clean.webp,": ar 7 a ES ba oh Kop eee ‘ a a ei : , "" 5 id : a = a re - 7 a be 7 1g . iF # ae” = 2 *: =— & ip > 4 a a fiaent pe “a + ’ ——- ‘ee <, 4 ye ; Ps . i fj oe += v 35 = MW < i. + —: Oey DALLAS AQUA (Glossy)",GLOSSY Size : VITRIFIED TILES 2x4Ft | 600x1200mm | G LO,2 Pcs / 27.00 Kgs. Packing Weight (approx),high,90,wordy-multi
gt-floor-c019,L,12,19,1,Dolce Grey,,600×1200mm,2×4 Ft,Glossy,2,27.00,Floor,Tiles,Floor Tiles,PGVT,gt-floor-2025-p19-t1-clean.webp,/assets/catalogue/clean_swatches/gt-floor-2025-p19-t1-clean.webp,* _ » a ” 4 ieee Se Me od Pr) Sy = Msi — “\a % Fe “a <r a 4 Tagg -— = ; a Te Eve ein. *h = “ . . 4 DOLCE GREY (Glossy),2x4Ft | 600x1200mm | G LO S SY,PA 0 a Oe ae | 8 SR ce Fe ee lk er _-) 2ST ee ea a Sal ee 2 Pcs / 27.00 Kgs. Packing Weight (approx),high,90,wordy-multi
gt-floor-c020,R,12,20,2,Breccia Grey,,600×1200mm,2×4 Ft,Glossy,2,27.00,Floor,Tiles,Floor Tiles,PGVT,gt-floor-2025-p20-t2-clean.webp,/assets/catalogue/clean_swatches/gt-floor-2025-p20-t2-clean.webp,"fe oo Re Re uw tae ge Ree, # Ghie 4 _"" ae ee OE ie oe em ee = tee ms . ee al ne * Sr Sees ee ead en i) eee BRECCIA GREY (Glossy)",GLOSSY Size : VITRIFIED TILES 2x4Ft | 600x1200mm | G LO,2 Pcs / 27.00 Kgs. Packing Weight (approx),high,90,wordy-multi
gt-floor-c021,L,13,21,1,Glacier White,,600×1200mm,2×4 Ft,Glossy,2,27.00,Floor,Tiles,Floor Tiles,PGVT,gt-floor-2025-p21-t1-clean.webp,/assets/catalogue/clean_swatches/gt-floor-2025-p21-t1-clean.webp,GLACIER WHITE (Glossy),2x4Ft | 600x1200mm | G LO S SY,2 Pcs / 27.00 Kgs. Packing Weight (approx),high,90,wordy-multi
gt-floor-c022,R,13,22,2,Bianco,,600×1200mm,2×4 Ft,Glossy,2,27.00,Floor,Tiles,Floor Tiles,PGVT,gt-floor-2025-p22-t2-clean.webp,/assets/catalogue/clean_swatches/gt-floor-2025-p22-t2-clean.webp,"a ry ~~ a dick Wyo NESS eet pe a ee 2 ae oS aS SOL. Oey a eee ge — seus - ee it Jes Can ia < ‘ a, = - WP: Pt oe init ta eR es ar <a Bey Mis : , aoe * — ee ee a Te : . he ‘itd? Wee 2 Xe F ? i mS) i t A",GLOSSY Size : VITRIFIED TILES 2x4Ft | 600x1200mm | G LO,- ye ate? Ye _ ee Re Oe ae a eee 2 Pcs / 27.00 Kgs. Packing Weight (approx),high,80,wordy-single
gt-floor-c023,L,14,23,1,Wonder Grey,,600×1200mm,2×4 Ft,Glossy,2,27.00,Floor,Tiles,Floor Tiles,PGVT,gt-floor-2025-p23-t1-clean.webp,/assets/catalogue/clean_swatches/gt-floor-2025-p23-t1-clean.webp,WONDER GREY (Glossy),a 2x4Ft | 600x1200mm & MAT T,WUE ECRP EEN WINE Viviane) ee 2 Pcs / 27.00 Kgs. Packing Weight (approx),high,90,wordy-multi
gt-floor-c024,R,14,24,2,Global Floor Tile #24,,600×1200mm,2×4 Ft,Glossy,2,27.00,Floor,Tiles,Floor Tiles,PGVT,gt-floor-2025-p24-t2-clean.webp,/assets/catalogue/clean_swatches/gt-floor-2025-p24-t2-clean.webp,"7 ~ 7. a, sel a - a ~ 5 wee gg * ST Sd —— ——— eee . . —_— . a ©: «4 ee aS | : = |p et oO = at me o— - 1 - - oy am en - . a _ a a ‘ . — jet | “4 i. = Oo -_— que , ee oe a - Ke = —_ . _ onion a . * eo —",GLOSSY & MATT Size: | GLO VITRIFIED TILES 2x4Ft | 600x1200mm | @ MA,2 Pcs / 27.00 Kgs. Packing Weight (approx),placeholder,5,symbols
gt-floor-c025,L,15,25,1,Levin Art Aqua,,600×1200mm,2×4 Ft,Glossy,2,27.00,Floor,Tiles,Floor Tiles,PGVT,gt-floor-2025-p25-t1-clean.webp,/assets/catalogue/clean_swatches/gt-floor-2025-p25-t1-clean.webp,LEVIN ART AQUA (Glossy),2x4Ft | 600x1200mm | G LO S SY,2 Pcs / 27.00 Kgs. Packing Weight (approx),high,90,wordy-multi
gt-floor-c026,R,15,26,2,Lilac Statuario,,600×1200mm,2×4 Ft,Glossy,2,27.00,Floor,Tiles,Floor Tiles,PGVT,gt-floor-2025-p26-t2-clean.webp,/assets/catalogue/clean_swatches/gt-floor-2025-p26-t2-clean.webp,* FAA . be LILAC STATUARIO (Glossy),GLOSSY Size : VITRIFIED TILES 2x4Ft | 600x1200mm | G LO,2 Pcs / 27.00 Kgs. Packing Weight (approx),high,90,wordy-multi
gt-floor-c027,L,16,27,1,G-15726,G-15726,600×1200mm,2×4 Ft,Glossy,2,27.00,Floor,Tiles,Floor Tiles,PGVT,gt-floor-2025-p27-t1-clean.webp,/assets/catalogue/clean_swatches/gt-floor-2025-p27-t1-clean.webp,G-15726 (Glossy),2x4Ft | 600x1200mm | G LO S SY,2 Pcs / 27.00 Kgs. Packing Weight (approx),high,95,
gt-floor-c028,R,16,28,2,Loreal Red,,600×1200mm,2×4 Ft,Glossy,2,27.00,Floor,Tiles,Floor Tiles,PGVT,gt-floor-2025-p28-t2-clean.webp,/assets/catalogue/clean_swatches/gt-floor-2025-p28-t2-clean.webp,\ Ww . LOREAL RED (Glossy),GLOSSY Size : VITRIFIED TILES 2x4Ft | 600x1200mm | G LO,2 Pcs / 27.00 Kgs. Packing Weight (approx),high,90,wordy-multi
gt-floor-c029,L,17,29,1,Onyx Pearl,,600×1200mm,2×4 Ft,Glossy,2,27.00,Floor,Tiles,Floor Tiles,PGVT,gt-floor-2025-p29-t1-clean.webp,/assets/catalogue/clean_swatches/gt-floor-2025-p29-t1-clean.webp,ONYX PEARL (Glossy),2x4Ft | 600x1200mm | G LO S SY,2 Pcs / 27.00 Kgs. Packing Weight (approx),high,90,wordy-multi
gt-floor-c030,R,17,30,2,Prestige Ash,,600×1200mm,2×4 Ft,Glossy,2,27.00,Floor,Tiles,Floor Tiles,PGVT,gt-floor-2025-p30-t2-clean.webp,/assets/catalogue/clean_swatches/gt-floor-2025-p30-t2-clean.webp,"¥ ee | é ® A ‘ * 4 ~ ‘ al } ps et _ me 3 _ . ‘. .. ba 2 . ‘1 “ ’ * a r i mh. oes ar z ts"" Ee % de ‘ a PRESTIGE ASH (Glossy)",GLOSSY Size : VITRIFIED TILES 2x4Ft | 600x1200mm | G LO,2 Pcs / 27.00 Kgs. Packing Weight (approx),high,90,wordy-multi
gt-floor-c031,L,18,31,1,Maxico Beige,,600×1200mm,2×4 Ft,Glossy,2,27.00,Floor,Tiles,Floor Tiles,PGVT,gt-floor-2025-p31-t1-clean.webp,/assets/catalogue/clean_swatches/gt-floor-2025-p31-t1-clean.webp,MAXICO BEIGE (Glossy),2x4Ft | 600x1200mm | G LO S SY,EVER VU EEE QMO y} ee 2 Pcs / 27.00 Kgs. Packing Weight (approx),high,90,wordy-multi
gt-floor-c032,R,18,32,2,Al A Le,,600×1200mm,2×4 Ft,Glossy,2,27.00,Floor,Tiles,Floor Tiles,PGVT,gt-floor-2025-p32-t2-clean.webp,/assets/catalogue/clean_swatches/gt-floor-2025-p32-t2-clean.webp,al | a le,GLOSSY Size : VITRIFIED TILES 2x4Ft | 600x1200mm | G LO,Los” ae oe rm - Sa. #7 J oe .. Fn eee eee me ee mn oA TM I Se eee 2 Pcs / 27.00 Kgs. Packing Weight (approx),high,90,wordy-multi
gt-floor-c033,L,19,33,1,Orient Aqua,,600×1200mm,2×4 Ft,Glossy,2,27.00,Floor,Tiles,Floor Tiles,PGVT,gt-floor-2025-p33-t1-clean.webp,/assets/catalogue/clean_swatches/gt-floor-2025-p33-t1-clean.webp,See pea SO ee a YS ae ORIENT AQUA (Glossy),2x4Ft | 600x1200mm | G LO S SY,2 Pcs / 27.00 Kgs. Packing Weight (approx),high,90,wordy-multi
gt-floor-c034,R,19,34,2,Orient Gold,,600×1200mm,2×4 Ft,Glossy,2,27.00,Floor,Tiles,Floor Tiles,PGVT,gt-floor-2025-p34-t2-clean.webp,/assets/catalogue/clean_swatches/gt-floor-2025-p34-t2-clean.webp,"Fe a J “a , rf \ _—— 1 : 7 ietbatd Ul P r ce f : : ¥ oe 4 J [ = sf ORIENT GOLD (Glossy)",GLOSSY Size : VITRIFIED TILES 2x4Ft | 600x1200mm | G LO,2 Pcs / 27.00 Kgs. Packing Weight (approx),high,90,wordy-multi
gt-floor-c035,L,20,35,1,Omini Green Onyx,,600×1200mm,2×4 Ft,Glossy,2,27.00,Floor,Tiles,Floor Tiles,PGVT,gt-floor-2025-p35-t1-clean.webp,/assets/catalogue/clean_swatches/gt-floor-2025-p35-t1-clean.webp,— { q ‘el u ™ a. . 5 . | OMINI GREEN ONYX (Glossy),2x4Ft | 600x1200mm | G LO S SY,2 Pcs / 27.00 Kgs. Packing Weight (approx),high,90,wordy-multi
gt-floor-c036,R,20,36,2,Vjeaildic Ciinjed,,600×1200mm,2×4 Ft,Glossy,2,27.00,Floor,Tiles,Floor Tiles,PGVT,gt-floor-2025-p36-t2-clean.webp,/assets/catalogue/clean_swatches/gt-floor-2025-p36-t2-clean.webp,VJEAILDIC CIINJED (llacey 2 AAadH+),GLOSSY & MATT Size: | GLO VITRIFIED TILES 2x4Ft | 600x1200mm | gM A,2 Pcs / 27.00 Kgs. Packing Weight (approx),high,90,wordy-multi
gt-floor-c037,L,21,37,1,És ‘ ; I ‘ } : * La Wh. ‘ :,,600×1200mm,2×4 Ft,Glossy,2,27.00,Floor,Tiles,Floor Tiles,PGVT,gt-floor-2025-p37-t1-clean.webp,/assets/catalogue/clean_swatches/gt-floor-2025-p37-t1-clean.webp,"pe — | — a a — — | Te : . | \ : : | ‘ . \: . i Te "" A) ‘ 4 a’ ; 7 e j . ; “ ’ —_— Y & . - ‘ ‘ y , ; 4 : / n , \ ae , : , 4 \ Ff és ‘ ; i ‘ } : * La Wh. ‘ : - 1 . y A — “ . \ a he »! 1 ' ‘ ; : « m4 i 7",2x4Ft | 600x1200mm | G LO S SY,2 Pcs / 27.00 Kgs. Packing Weight (approx),high,5,symbols
gt-floor-c038,R,21,38,2,Ee | | Hia Vow Hs K . .,,600×1200mm,2×4 Ft,Glossy,2,27.00,Floor,Tiles,Floor Tiles,PGVT,gt-floor-2025-p38-t2-clean.webp,/assets/catalogue/clean_swatches/gt-floor-2025-p38-t2-clean.webp,"EEE rt | | ee | | hia vow Hs k . . ale ee 1 BORE B | Ft ve -_ —— = = = — —_ — . a | . | =! i a I | ~ « iF } wer) = -_— ——— ’ i. oa - ,",GLOSSY Size : VITRIFIED TILES 2x4Ft | 600x1200mm | G LO,2 Pcs / 27.00 Kgs. Packing Weight (approx),high,15,fragmented
gt-floor-c039,L,22,39,1,Global Floor Tile #39,,600×1200mm,2×4 Ft,Glossy,2,27.00,Floor,Tiles,Floor Tiles,PGVT,gt-floor-2025-p39-t1-clean.webp,/assets/catalogue/clean_swatches/gt-floor-2025-p39-t1-clean.webp,"L@ a ee a ad OS ¢ Sadi’ ~ a i Bers nes Ese ae 43 ; . ee 5 a a, Sod Bhs x a es ae = SS ee See ae _— A = yay Sry oa ve = ah ae See ox ees, x A aie rie ee ‘ VS “\ 3 — He) 3 a > fe = oe fe p ae i == es: T",2x4Ft | 600x1200mm | G LO S SY,2 Pcs / 27.00 Kgs. Packing Weight (approx),placeholder,55,borderline
gt-floor-c040,R,22,40,2,Global Floor Tile #40,,600×1200mm,2×4 Ft,Glossy,2,27.00,Floor,Tiles,Floor Tiles,PGVT,gt-floor-2025-p40-t2-clean.webp,/assets/catalogue/clean_swatches/gt-floor-2025-p40-t2-clean.webp,"at ae z= . a) “ a * r ) a) Ys gos? ea + \ isied » Swe gal wm ged x, i ? , The AS Sh hey ue “e . pe f tps ¥ : “ — 4) a \ aay .? be - > t Ve.) r f . “>| aT | > 9 y a 5 a> “ wt v ——_iiie | » 6",GLOSSY Size : VITRIFIED TILES 2x4Ft | 600x1200mm | G LO,2 Pcs / 27.00 Kgs. Packing Weight (approx),placeholder,5,symbols
gt-floor-c041,L,23,41,1,Global Floor Tile #41,,600×1200mm,2×4 Ft,Glossy,2,27.00,Floor,Tiles,Floor Tiles,PGVT,gt-floor-2025-p41-t1-clean.webp,/assets/catalogue/clean_swatches/gt-floor-2025-p41-t1-clean.webp,"i - ” Z . iia a -~ ¥4 TFs ‘ Ld iw «7 a ¥ , “ sg = <A 2 s = ; ~~ . av” — ‘ @ ‘ J : Lip 'y ; ' - a ag ap > - > x y , : ay eal nate . Py ¥ 7 > i = ye a a. x — —_, - - i a “ . F * oe ‘ = ; A, g 7 ° ~~ > -",\ size: | GLOSSY a 2x4Ft | 600x1200mm | g CARVING,2 Pcs / 27.00 Kgs. Packing Weight (approx),placeholder,15,fragmented
gt-floor-c042,R,23,42,2,Global Floor Tile #42,,600×1200mm,2×4 Ft,Glossy,2,27.00,Floor,Tiles,Floor Tiles,PGVT,gt-floor-2025-p42-t2-clean.webp,/assets/catalogue/clean_swatches/gt-floor-2025-p42-t2-clean.webp,"ee; - me e 4e Oa "" = _ - ° « —~ 1 - a . ~- ee wee a r _* , a + - ae . > i « : - —— ne a ' . - . . , we te : _- = A no . : “, a ~ 2,2 Mer, “oa # toe. Ob ” . —— "" * . a . | p* owe 1. ——~-- . a ~ a f eae",GLOSSY & CARVING Size : GLO VITRIFIED TILES 2x4Ft | 600x1200mm | g CAR,2 Pcs / 27.00 Kgs. Packing Weight (approx),placeholder,15,fragmented
gt-floor-c043,L,24,43,1,Global Floor Tile #43,,600×1200mm,2×4 Ft,Glossy,2,27.00,Floor,Tiles,Floor Tiles,PGVT,gt-floor-2025-p43-t1-clean.webp,/assets/catalogue/clean_swatches/gt-floor-2025-p43-t1-clean.webp,ow. 2 wae 4 é,\ size: | GLOSSY a 2x4Ft | 600x1200mm | g CARVING,2 Pcs / 27.00 Kgs. Packing Weight (approx),placeholder,15,fragmented
gt-floor-c044,R,24,44,2,Global Floor Tile #44,,600×1200mm,2×4 Ft,Glossy,2,27.00,Floor,Tiles,Floor Tiles,PGVT,gt-floor-2025-p44-t2-clean.webp,/assets/catalogue/clean_swatches/gt-floor-2025-p44-t2-clean.webp,"Es ‘il ye 1 © ' I Pe ff it "" - . SAF Yi a lt a ia 1 ‘ by ;",GLOSSY & CARVING Size : GLO VITRIFIED TILES 2x4Ft | 600x1200mm | g CAR,2 Pcs / 27.00 Kgs. Packing Weight (approx),placeholder,20,garbage
gt-floor-c045,L,25,45,1,I Anh“ J Ria I Pod + > Ae ‘ ~,,600×1200mm,2×4 Ft,Glossy,2,27.00,Floor,Tiles,Floor Tiles,PGVT,gt-floor-2025-p45-t1-clean.webp,/assets/catalogue/clean_swatches/gt-floor-2025-p45-t1-clean.webp,"es OS es OS le i ia ~~ ""S ,* 5 : a —"" . a 3 - “%- “ > > - ¥ ° , 2 : , ee = . . °.- / ’ : : be , ‘all é ten Se 7 5 = - ™ . — a), a tia” . _ _ = — i anh“ j ria i Pod + > ae ‘ ~ 4 , ; Pd * — i , a est -.",\ size: | GLOSSY a 2x4Ft | 600x1200mm | g CARVING,2 Pcs / 27.00 Kgs. Packing Weight (approx),high,15,fragmented
gt-floor-c046,R,25,46,2,", ; * Siaeeions Oe",,600×1200mm,2×4 Ft,Glossy,2,27.00,Floor,Tiles,Floor Tiles,PGVT,gt-floor-2025-p46-t2-clean.webp,/assets/catalogue/clean_swatches/gt-floor-2025-p46-t2-clean.webp,"eo — i yw VY : uw ‘ ad cal za . a 7 * Vi ZA ar a b. sf © ) | — a | Ls : | ¢ — ls 7 age ’ Se i | > | “ 7 y Xx : i , . ok ELS ‘eee a &f , , ; * Siaeeions oe",GLOSSY & CARVING Size : GLO VITRIFIED TILES 2x4Ft | 600x1200mm | g CAR,2 Pcs / 27.00 Kgs. Packing Weight (approx),high,5,symbols
gt-floor-c047,L,26,47,1,Fo Rd I I. ‘ex Re ~,,600×1200mm,2×4 Ft,Glossy,2,27.00,Floor,Tiles,Floor Tiles,PGVT,gt-floor-2025-p47-t1-clean.webp,/assets/catalogue/clean_swatches/gt-floor-2025-p47-t1-clean.webp,"es OS es OS a ‘ a 8 ~~ "" — ats Po P ; ; ZA . 4 > é “| od _* q 4 : dj 7 ..) > fo rd i i. ‘ex re ~ , i \ “ ‘ * s. Md —_ “>. t ~ ‘ ‘ a \ Lo ape"" Se z ~~ t if a ° : . a ™ ‘ We fe d o - , f a | . > _ We Le",\ size: | GLOSSY a 2x4Ft | 600x1200mm | g CARVING,2 Pcs / 27.00 Kgs. Packing Weight (approx),high,15,fragmented
gt-floor-c048,R,26,48,2,Global Floor Tile #48,,600×1200mm,2×4 Ft,Glossy,2,27.00,Floor,Tiles,Floor Tiles,PGVT,gt-floor-2025-p48-t2-clean.webp,/assets/catalogue/clean_swatches/gt-floor-2025-p48-t2-clean.webp,"ws oe a = y a aa 2 ‘es |. ee, <a. + - om ea 7 on ee ane",GLOSSY & CARVING Size : GLO VITRIFIED TILES 2x4Ft | 600x1200mm | g CAR,2 Pcs / 27.00 Kgs. Packing Weight (approx),placeholder,5,symbols
gt-floor-c049,L,27,49,1,Global Floor Tile #49,,600×1200mm,2×4 Ft,Glossy,2,27.00,Floor,Tiles,Floor Tiles,PGVT,gt-floor-2025-p49-t1-clean.webp,/assets/catalogue/clean_swatches/gt-floor-2025-p49-t1-clean.webp,"; 4 * é a ‘ - ‘ ¥ - ; s . wt cos I . : a - fps Ast i a 5 io a Se Foy mo 2 . mee P ™ os < 4 is a ‘ . fw ‘y Ne “>, € ’ o ; iY 7 . rr oy yt , ~ we Mt ee” *. a A So 4 . 7",\ size: | GLOSSY a 2x4Ft | 600x1200mm | g CARVING,2 Pcs / 27.00 Kgs. Packing Weight (approx),placeholder,15,fragmented
gt-floor-c050,R,27,50,2,I . \ . 4 < Te Ts > Ten Noe A ; Sae,,600×1200mm,2×4 Ft,Glossy,2,27.00,Floor,Tiles,Floor Tiles,PGVT,gt-floor-2025-p50-t2-clean.webp,/assets/catalogue/clean_swatches/gt-floor-2025-p50-t2-clean.webp,". | CA PAIN V TIN NA A ""Xe . , , ¥ a . - ‘ J - \ ~ is > . \ _ i a] y > ( a | : . : L ,™ } Se + “ P . h \ Se ’ \ : = St, ae Be 3 A == : m< ~ > ‘ | ' ‘ 2 , . — on eee ? , _ eee i oe * » ‘ ~ jp - . 4 is ",GLOSSY & CARVING Size : GLO VITRIFIED TILES 2x4Ft | 600x1200mm | g CAR,7 af TEM i ae ~ - . A - A a? i) ae eee eee 2 Pcs / 27.00 Kgs. Packing Weight (approx),high,55,borderline
gt-floor-c051,L,28,51,1,Nebula White,,600×1200mm,2×4 Ft,Carving,2,27.00,Floor,Tiles,Floor Tiles,PGVT,gt-floor-2025-p51-t1-clean.webp,/assets/catalogue/clean_swatches/gt-floor-2025-p51-t1-clean.webp,NEBULA WHITE (Matt),. Size : MAT T _ 2x4Ft | 600x1200mm | g CARVING,ECR Wr NEN IVICA ee 2 Pcs / 27.00 Kgs. Packing Weight (approx),high,90,wordy-multi
gt-floor-c052,R,28,52,2,: | Ca Rr Pain V Ten Na,,600×1200mm,2×4 Ft,Matte,2,27.00,Floor,Tiles,Floor Tiles,PGVT,gt-floor-2025-p52-t2-clean.webp,/assets/catalogue/clean_swatches/gt-floor-2025-p52-t2-clean.webp,": | CA RR PAIN V TEN NA | _ | | ' | ‘= : ead . a a , Sy : =) : \ ; — ) yo | f y wes “ \ "" | | a> , ‘ \ : | . is | | i \| q ' | | hs Ay is pt | | > 4 ; i 7 v i n yy | wh a ee y : : & \.% & | j F 7 j VF",MATT & CARVING Size : MA’ VITRIFIED TILES 2x4Ft | 600x1200mm | g CAR,2 Pcs / 27.00 Kgs. Packing Weight (approx),high,15,fragmented
gt-floor-c053,L,29,53,1,Nebula Ivory,,600×1200mm,2×4 Ft,Carving,2,27.00,Floor,Tiles,Floor Tiles,PGVT,gt-floor-2025-p53-t1-clean.webp,/assets/catalogue/clean_swatches/gt-floor-2025-p53-t1-clean.webp,NEBULA IVORY (Matt),. Size : MAT T _ 2x4Ft | 600x1200mm | g CARVING,ECR Wer ENN UE VIG) 2 Pcs / 27.00 Kgs. Packing Weight (approx),high,90,wordy-multi
gt-floor-c054,R,29,54,2,Mime I Af ~t - L,,600×1200mm,2×4 Ft,Matte,2,27.00,Floor,Tiles,Floor Tiles,PGVT,gt-floor-2025-p54-t2-clean.webp,/assets/catalogue/clean_swatches/gt-floor-2025-p54-t2-clean.webp,"Nf ed e ¥ “hw I il 1, ; | a | A = i 1 Li Pd mime i Af ~T - l | . . on til) = = Se | 7 |= Ml ny - ih a | - ’ | » a Gre = . ye — im _ I ms = ' . a ny _ 1 + | F. = - . i | | i , el ; - | | / : | 1 y = 7s",MATT & CARVING Size : MA’ VITRIFIED TILES 2x4Ft | 600x1200mm | g CAR,2 Pcs / 27.00 Kgs. Packing Weight (approx),high,90,wordy-multi
gt-floor-c055,L,30,55,1,Global Floor Tile #55,,600×1200mm,2×4 Ft,Glossy,2,27.00,Floor,Tiles,Floor Tiles,PGVT,gt-floor-2025-p55-t1-clean.webp,/assets/catalogue/clean_swatches/gt-floor-2025-p55-t1-clean.webp,"i ee 2 ' }! a re ——— ~' me ee ae Ee > fl -/. oe 5 ol bd ote = Ly = .. oe a ac 5. ee yo py fa ye Shae Sean > de Toe aa Pea gs oh, ey PE Oa wht EL PAIR pea ss eS, seem Eo, ey ete aed 9 eel AP Dee ag uel",N Size: . 2x4Ft | 600x1200mm | Cow Is 4!,2 Pcs / 27.00 Kgs. Packing Weight (approx),placeholder,15,fragmented
gt-floor-c056,R,30,56,2,"= = 7 Ee A Ae” | Is T Har, A A Fd =a Fl",,600×1200mm,2×4 Ft,Carving,2,27.00,Floor,Tiles,Floor Tiles,PGVT,gt-floor-2025-p56-t2-clean.webp,/assets/catalogue/clean_swatches/gt-floor-2025-p56-t2-clean.webp,"| | —_— t PIN Tw ll ay = = 7 ee A ae” | is T har, a a FD =a fl a | ry aw] a) 2 ite. ee | ied ” a ru — iad J ; alti i fe ol al <= 7 S| - a = . a - ' : | ' faa 7 fd - | Fi —\ 4 : i mat : oo = “a a a"" a ",CARVING Size: Car VITRIFIED TILES 2x4Ft | 600x1200mm &,2 Pcs / 27.00 Kgs. Packing Weight (approx),high,55,borderline
gt-floor-c057,L,31,57,1,Global Floor Tile #57,,600×1200mm,2×4 Ft,Glossy,2,27.00,Floor,Tiles,Floor Tiles,PGVT,gt-floor-2025-p57-t1-clean.webp,/assets/catalogue/clean_swatches/gt-floor-2025-p57-t1-clean.webp,"= i ' ‘ ‘ = = ' ) * . MNS 3 a’ 0 *, i a , : @ . & a * v oN <g Hi 4 e q e Em - > q ae Y . ; wie 4 < } 8 a g 4 | 4 _ I - e ' : 5 : <4 ‘ sy tat ‘ b- ; its * 2a e « F ae, . —<—_|, A . & ' > > | D 4 ‘ > ‘ ",N Size: . 2x4Ft | 600x1200mm | Cow Is 4!,2 Pcs / 27.00 Kgs. Packing Weight (approx),placeholder,15,fragmented
gt-floor-c058,R,31,58,2,An \ Y In . Fist Awe Wy % » * . Ay ’ Ie,,600×1200mm,2×4 Ft,Carving,2,27.00,Floor,Tiles,Floor Tiles,PGVT,gt-floor-2025-p58-t2-clean.webp,/assets/catalogue/clean_swatches/gt-floor-2025-p58-t2-clean.webp,"| | —__ PFoTrIN tf Vill ay % hh \ - \astas \\ a. “2 \ wo A a “ a & i Id) - 1. (is eal | =e’ *.\ 4 1 {a * ~ 4 s ‘ (wm t4 ~ ——y <A EZ \ e s é ei a, Ane Pen SR * +\ or a - Lees! ' yy >\ \ . 1 3 m a aN: 7",CARVING Size: Car VITRIFIED TILES 2x4Ft | 600x1200mm &,2 Pcs / 27.00 Kgs. Packing Weight (approx),high,15,fragmented
gt-floor-c059,L,32,59,1,Caiic Amlia,,600×1200mm,2×4 Ft,Glossy,2,27.00,Floor,Tiles,Floor Tiles,PGVT,gt-floor-2025-p59-t1-clean.webp,/assets/catalogue/clean_swatches/gt-floor-2025-p59-t1-clean.webp,"a a wy a <7: Cad a. SS en Sh a aa Pimtagts ate ar — Se SIMD ek ee ie. Ree Pree Were 4 ane - Yi tae! OS Sw n” ow— win at . . . “ s i. 4 ee “ade aes Se | ee ge a Pg aE cee Tt Beas >, ee x - . ode: - rn ",N Size: . 2x4Ft | 600x1200mm | Cow Is 4!,ee 2 Pcs / 27.00 Kgs. Packing Weight (approx),high,90,wordy-multi
gt-floor-c060,R,32,60,2,A Oo | — Pr Tin Tw Tt Ay,,600×1200mm,2×4 Ft,Carving,2,27.00,Floor,Tiles,Floor Tiles,PGVT,gt-floor-2025-p60-t2-clean.webp,/assets/catalogue/clean_swatches/gt-floor-2025-p60-t2-clean.webp,"a Oo | — Pr TIN Tw Tt ay a rs or a . i 1 ‘ ef / J f’ - = . ‘ Pa r “ “ “ f a . 7 wy ra Z - , ’ e. i ha Pe, ag? ’ n f ) , - =e ry | , c a of | ‘= ij yy a o a Pn : . vd § . | , , r ! _ . ; Z , uy oe f a ",CARVING Size: Car VITRIFIED TILES 2x4Ft | 600x1200mm EI,2 Pcs / 27.00 Kgs. Packing Weight (approx),high,50,short-word
gt-floor-c061,L,33,61,1,Ery | ° Ss Le Wan Os On Ses P ‘E-4 ~,,600×1200mm,2×4 Ft,Glossy,2,27.00,Floor,Tiles,Floor Tiles,PGVT,gt-floor-2025-p61-t1-clean.webp,/assets/catalogue/clean_swatches/gt-floor-2025-p61-t1-clean.webp,"ee | , | a . et - _ m bd = . ’ - “ % ‘ ” ; : 2. ¥ . , : : ve - - Pe iv ; = = = s _ ~ — . a"" < — , <“ . . ‘ ; — : : : ¥ Gs ™ be 7 ' + -. , 4 ° r = - res Pn r ; : 5 ~. ‘ SH . ’ a. / if ‘ ~Y ’ . : “* ef ",N Size: . 2x4Ft | 600x1200mm | Cow Is 4!,2 Pcs / 27.00 Kgs. Packing Weight (approx),high,55,borderline
gt-floor-c062,R,33,62,2,Opaco White,,600×1200mm,2×4 Ft,Carving,2,27.00,Floor,Tiles,Floor Tiles,PGVT,gt-floor-2025-p62-t2-clean.webp,/assets/catalogue/clean_swatches/gt-floor-2025-p62-t2-clean.webp,$a tte = ¢ . 2 j a ly A 3 m4 ’ a : fae at “7 ‘3 OPACO WHITE (Carving),CARVING Size: Car VITRIFIED TILES 2x4Ft | 600x1200mm EI,2 Pcs / 27.00 Kgs. Packing Weight (approx),high,90,wordy-multi
gt-floor-c063,L,34,63,1,) P Og A Tlle = A Af _ Zz . - E A Laer - “a,,600×1200mm,2×4 Ft,Glossy,2,27.00,Floor,Tiles,Floor Tiles,PGVT,gt-floor-2025-p63-t1-clean.webp,/assets/catalogue/clean_swatches/gt-floor-2025-p63-t1-clean.webp,"po a - oe , © I me. _oe ; é; mi : onl i Lng —_— | é. arr ee J ) “ a at eo he ail ‘A : ‘> a” , ie | i iy a ‘_ a os 4 » —— gs ae ~ eT. ye et a ’ ae ’ = ; —_. — = 7 a iad a. ) P Og a tlle = a af _ Zz . -",N Size: . 2x4Ft | 600x1200mm | Cow Is 4!,2 Pcs / 27.00 Kgs. Packing Weight (approx),high,5,symbols
gt-floor-c064,R,34,64,2,Dmaraaaiia Vailiite,,600×1200mm,2×4 Ft,Carving,2,27.00,Floor,Tiles,Floor Tiles,PGVT,gt-floor-2025-p64-t2-clean.webp,/assets/catalogue/clean_swatches/gt-floor-2025-p64-t2-clean.webp,om DMARAAAIIA VAILIITE (farina),CARVING Size: Car VITRIFIED TILES 2x4Ft | 600x1200mm EI,2 Pcs / 27.00 Kgs. Packing Weight (approx),high,90,wordy-multi
gt-floor-c065,L,35,65,1,Global Floor Tile #65,,600×1200mm,2×4 Ft,Matte,2,27.00,Floor,Tiles,Floor Tiles,PGVT,gt-floor-2025-p65-t1-clean.webp,/assets/catalogue/clean_swatches/gt-floor-2025-p65-t1-clean.webp,"r Q ; : a : rs : ~ ge . : EM tt Dag Soa ~ - “hy a : a, “ 7. . ait , 2 + soo te - . oe) . oa * . Pa . rer wee et been on ra . Sa ii, oe. ~ . ~ “ z : - - °.” - % . . . . Ce are - wee . wr! = - ee 7 a a ",\ Size: | PUNCH | 2x4Ft | 600x1200mm | Fr MATT,2 Pcs / 27.00 Kgs. Packing Weight (approx),placeholder,15,fragmented
gt-floor-c066,R,35,66,2,Global Floor Tile #66,,600×1200mm,2×4 Ft,Matte,2,27.00,Floor,Tiles,Floor Tiles,PGVT,gt-floor-2025-p66-t2-clean.webp,/assets/catalogue/clean_swatches/gt-floor-2025-p66-t2-clean.webp,"— ae See a a Rift Sons 8 si ft Ee, Sd Aaa al eT eA wpe man SS Poe tut tie ee Bin mht o Phage rhe Mpa, OS Lh ey vA 7), j = i ail Wal to eh SRR peer ay mass I reg ti AS Hat | Neha Marl toa Shs Cae tee e",PUNCH & MATT Size: | PL} VITRIFIED TILES 2xAFt | 600x1200mm | Fr YY,eee 2 Pcs / 27.00 Kgs. Packing Weight (approx),placeholder,20,garbage
gt-floor-c067,L,36,67,1,Global Floor Tile #67,,600×1200mm,2×4 Ft,Matte,2,27.00,Floor,Tiles,Floor Tiles,PGVT,gt-floor-2025-p67-t1-clean.webp,/assets/catalogue/clean_swatches/gt-floor-2025-p67-t1-clean.webp,,\ Size: | PUNCH | 2x4Ft | 600x1200mm | Fr MATT,2 Pcs / 27.00 Kgs. Packing Weight (approx),placeholder,0,empty
gt-floor-c068,R,36,68,2,1 A Bel: I Se,,600×1200mm,2×4 Ft,Matte,2,27.00,Floor,Tiles,Floor Tiles,PGVT,gt-floor-2025-p68-t2-clean.webp,/assets/catalogue/clean_swatches/gt-floor-2025-p68-t2-clean.webp,". id 7 ‘ | = n | ~ ; '7 a ik 4 r) 1 a Bel: i se - . i i hea 2 } 5a .' Fie . — ikea it pe"" .' ee i » - | ie if | 7 '",PUNCH & MATT Size: | PL} VITRIFIED TILES 2xAFt | 600x1200mm | Fr YY,2 Pcs / 27.00 Kgs. Packing Weight (approx),high,20,garbage
gt-floor-c069,L,37,69,1,Global Floor Tile #69,,600×1200mm,2×4 Ft,Matte,2,27.00,Floor,Tiles,Floor Tiles,PGVT,gt-floor-2025-p69-t1-clean.webp,/assets/catalogue/clean_swatches/gt-floor-2025-p69-t1-clean.webp,"a - J a = ia all a ‘ ai q a ip q u . U U x an ol i is y a ‘ o § OM e , = a . . = 7 | tT SEG hRe, et | | so 4 boy ' 1« saw awe OB Pe,.W Via zal eae D ‘a “a",\ Size: | PUNCH | 2x4Ft | 600x1200mm | Fr MATT,SUSAN NN Oe RPP ENN EPR ENE VEN LE ee 2 Pcs / 27.00 Kgs. Packing Weight (approx),placeholder,15,fragmented
gt-floor-c070,R,37,70,2,Po Vel,,600×1200mm,2×4 Ft,Matte,2,27.00,Floor,Tiles,Floor Tiles,PGVT,gt-floor-2025-p70-t2-clean.webp,/assets/catalogue/clean_swatches/gt-floor-2025-p70-t2-clean.webp,"Po vel | , Ny JN | /",PUNCH & MATT Size: | PL} VITRIFIED TILES 2xAFt | 600x1200mm | Fr YY,2 Pcs / 27.00 Kgs. Packing Weight (approx),high,90,wordy-multi
gt-floor-c071,L,38,71,1,Global Floor Tile #71,,600×1200mm,2×4 Ft,Matte,2,27.00,Floor,Tiles,Floor Tiles,PGVT,gt-floor-2025-p71-t1-clean.webp,/assets/catalogue/clean_swatches/gt-floor-2025-p71-t1-clean.webp,a,\ Size: | PUNCH | 2x4Ft | 600x1200mm | Fr MATT,2 Pcs / 27.00 Kgs. Packing Weight (approx),placeholder,0,empty
gt-floor-c072,R,38,72,2,Le Th,,600×1200mm,2×4 Ft,Matte,2,27.00,Floor,Tiles,Floor Tiles,PGVT,gt-floor-2025-p72-t2-clean.webp,/assets/catalogue/clean_swatches/gt-floor-2025-p72-t2-clean.webp,] le th — = Bo,PUNCH & MATT Size: | PL} VITRIFIED TILES 2xAFt | 600x1200mm | Fr YY,2 Pcs / 27.00 Kgs. Packing Weight (approx),high,90,wordy-multi
gt-floor-c073,L,39,73,1,Global Floor Tile #73,,600×1200mm,2×4 Ft,Matte,2,27.00,Floor,Tiles,Floor Tiles,PGVT,gt-floor-2025-p73-t1-clean.webp,/assets/catalogue/clean_swatches/gt-floor-2025-p73-t1-clean.webp,,\ Size: | PUNCH | 2x4Ft | 600x1200mm | Fr MATT,2 Pcs / 27.00 Kgs. Packing Weight (approx),placeholder,0,empty
gt-floor-c074,R,39,74,2,Ps El,,600×1200mm,2×4 Ft,Matte,2,27.00,Floor,Tiles,Floor Tiles,PGVT,gt-floor-2025-p74-t2-clean.webp,/assets/catalogue/clean_swatches/gt-floor-2025-p74-t2-clean.webp,| PS el |,PUNCH & MATT Size: | PL} VITRIFIED TILES 2xAFt | 600x1200mm | Fr,2 Pcs / 27.00 Kgs. Packing Weight (approx),high,90,wordy-multi
gt-floor-c075,L,40,75,1,Global Floor Tile #75,,600×1200mm,2×4 Ft,Matte,2,27.00,Floor,Tiles,Floor Tiles,PGVT,gt-floor-2025-p75-t1-clean.webp,/assets/catalogue/clean_swatches/gt-floor-2025-p75-t1-clean.webp,"~ ‘ ~ ae i ae 4 - el ] F- a ~—, J .. a ‘ aie ~~, ~ >. a \ : a “Ps ae . “ é =~ 51 ¥ ‘ = wy 1 } . - as : - = i \ \ ' “ . . - ; \ ~~ ee \Y NE . ~",\ Size: | PUNCH | 2x4Ft | 600x1200mm | Fr MATT,2 Pcs / 27.00 Kgs. Packing Weight (approx),placeholder,15,fragmented
gt-floor-c076,R,40,76,2,Me Dt,,600×1200mm,2×4 Ft,Matte,2,27.00,Floor,Tiles,Floor Tiles,PGVT,gt-floor-2025-p76-t2-clean.webp,/assets/catalogue/clean_swatches/gt-floor-2025-p76-t2-clean.webp,a ¢ == —_—_ ee r A Me dt ieee,PUNCH & MATT Size: | PL} VITRIFIED TILES 2xAFt | 600x1200mm | Fr YY,2 Pcs / 27.00 Kgs. Packing Weight (approx),high,90,wordy-multi
gt-floor-c077,L,41,77,1,", . Rc Fa Nw Brew: +",,600×1200mm,2×4 Ft,Glossy,2,27.00,Floor,Tiles,Floor Tiles,PGVT,gt-floor-2025-p77-t1-clean.webp,/assets/catalogue/clean_swatches/gt-floor-2025-p77-t1-clean.webp,"} La} ) ” . | ; ~, ; } ° . . \ ; s | . ’ \ r , ) ae ' ‘ . me - , . rc Fa Nw brew: + / “ - . \ h , | } ‘ y C ¢ ‘ . ¢ \ e {fF . . ‘ ‘ / he re ‘<, \ BN f i * - - eS w ae ' “, J ’ } e~ 4 = on LF \ ; ¥ a 5",NI Size : . 2x4Ft | 600x1200mm | High Gloss,2 Pcs / 27.00 Kgs. Packing Weight (approx),high,20,garbage
gt-floor-c078,R,41,78,2,Is Pe Awe A3,,600×1200mm,2×4 Ft,Glossy,2,27.00,Floor,Tiles,Floor Tiles,PGVT,gt-floor-2025-p78-t2-clean.webp,/assets/catalogue/clean_swatches/gt-floor-2025-p78-t2-clean.webp,", ‘7 . wS ye veh . is pe | awe a3 CRAVE MDEEAI (Lich Clacc)",HIGH GLOSS Size : . . VITRIFIED TILES 2x4Ft | 600x1200mm | High <,2 Pcs / 27.00 Kgs. Packing Weight (approx),high,90,wordy-multi
gt-floor-c079,L,42,79,1,Mountain Blue,,600×1200mm,2×4 Ft,Glossy,2,27.00,Floor,Tiles,Floor Tiles,PGVT,gt-floor-2025-p79-t1-clean.webp,/assets/catalogue/clean_swatches/gt-floor-2025-p79-t1-clean.webp,MOUNTAIN BLUE (High Gloss),NI Size : . 2x4Ft | 600x1200mm | High Gloss,2 Pcs / 27.00 Kgs. Packing Weight (approx),high,90,wordy-multi
gt-floor-c080,R,42,80,2,Rchg-02,,600×1200mm,2×4 Ft,Glossy,2,27.00,Floor,Tiles,Floor Tiles,PGVT,gt-floor-2025-p80-t2-clean.webp,/assets/catalogue/clean_swatches/gt-floor-2025-p80-t2-clean.webp,", eh i : i y : RCHG-02 (High Gloss)",HIGH GLOSS Size : . . VITRIFIED TILES 2x4Ft | 600x1200mm | High <,2 Pcs / 27.00 Kgs. Packing Weight (approx),high,80,wordy-single
gt-floor-c081,L,43,81,1,Jet Black,,600×1200mm,2×4 Ft,Glossy,2,27.00,Floor,Tiles,Floor Tiles,PGVT,gt-floor-2025-p81-t1-clean.webp,/assets/catalogue/clean_swatches/gt-floor-2025-p81-t1-clean.webp,JET BLACK (Special Color),NY Size: 2x4Ft | 600x1200mm | Special,2 Pcs / 27.00 Kgs. Packing Weight (approx),high,90,wordy-multi
gt-floor-c082,R,43,82,2,15001 Plain White,,600×1200mm,2×4 Ft,Glossy,2,27.00,Floor,Tiles,Floor Tiles,PGVT,gt-floor-2025-p82-t2-clean.webp,/assets/catalogue/clean_swatches/gt-floor-2025-p82-t2-clean.webp,15001 (PLAIN WHITE) (Glossy),GLOSSY Size : VITRIFIED TILES 2x4Ft | 600x1200mm | G LO,2 Pcs / 27.00 Kgs. Packing Weight (approx),high,55,borderline
gt-floor-c083,L,44,83,1,Global Floor Tile #83,,800×1600mm,2.5×5 Ft,Glossy,2,51.00,Floor,Tiles,Floor Tiles,PGVT,gt-floor-2025-p83-t1-clean.webp,/assets/catalogue/clean_swatches/gt-floor-2025-p83-t1-clean.webp,"> iE J ete . eas sett DS ee en Cie lel ly rr “WA <= = E 5 . mo teh o = i i= Hi "" -—— es ye MS ad - - : ; ’ . ‘'— * ns ie “# t. al’ - rh | - . oe, ee = re ete nn ee ' —_— ewe , ol a ees a ee rp — Fo m ",2.5x5Ft | 800x1600mm | G LO S SY,2 Pcs / 51.00 Kgs. Packing Weight (approx),placeholder,15,fragmented
gt-floor-c084,R,44,84,2,Global Floor Tile #84,,800×1600mm,2.5×5 Ft,Glossy,2,51.00,Floor,Tiles,Floor Tiles,PGVT,gt-floor-2025-p84-t2-clean.webp,/assets/catalogue/clean_swatches/gt-floor-2025-p84-t2-clean.webp,% are Y 7 ; 1 | oN,GLOSSY Size : VITRIFIED TILES 2.5x5Ft | 800x1600mm | GLO,2 Pcs / 51.00 Kgs. Packing Weight (approx),placeholder,15,fragmented
gt-floor-c085,L,45,85,1,Global Floor Tile #85,,800×1600mm,2.5×5 Ft,Glossy,2,51.00,Floor,Tiles,Floor Tiles,PGVT,gt-floor-2025-p85-t1-clean.webp,/assets/catalogue/clean_swatches/gt-floor-2025-p85-t1-clean.webp,">> “We A. a > . a ge acen Pe ~, . . - 4 7 - t baad P ” “—_* ow? - - te i ah ‘ . 5 . "" ’ aw” os : a , 1 r. oy » . « . ‘ ° Vd 7 N / , ; . be oe “es a ae ‘“ "" - . —_— > » °",2.5x5Ft | 800x1600mm | G LO S SY,2 Pcs / 51.00 Kgs. Packing Weight (approx),placeholder,5,symbols
gt-floor-c086,R,45,86,2,Global Floor Tile #86,,800×1600mm,2.5×5 Ft,Glossy,2,51.00,Floor,Tiles,Floor Tiles,PGVT,gt-floor-2025-p86-t2-clean.webp,/assets/catalogue/clean_swatches/gt-floor-2025-p86-t2-clean.webp,"_ ee = ra . a SS —_, . =? * See fi ~ ke .",GLOSSY Size : VITRIFIED TILES 2.5x5Ft | 800x1600mm | GLO,2 Pcs / 51.00 Kgs. Packing Weight (approx),placeholder,15,fragmented
gt-floor-c087,L,46,87,1,Global Floor Tile #87,,800×1600mm,2.5×5 Ft,Glossy,2,51.00,Floor,Tiles,Floor Tiles,PGVT,gt-floor-2025-p87-t1-clean.webp,/assets/catalogue/clean_swatches/gt-floor-2025-p87-t1-clean.webp,"é i . Rd - 2 : 7 a . . * . ' ae ; . S 5 vw id . . ° * te 4 . , - : a . . ot “ ~~"" * * i. 7 am - = . - . . . 4 “",2.5x5Ft | 800x1600mm | G LO S SY,2 Pcs / 51.00 Kgs. Packing Weight (approx),placeholder,15,fragmented
gt-floor-c088,R,46,88,2,Global Floor Tile #88,,800×1600mm,2.5×5 Ft,Glossy,2,51.00,Floor,Tiles,Floor Tiles,PGVT,gt-floor-2025-p88-t2-clean.webp,/assets/catalogue/clean_swatches/gt-floor-2025-p88-t2-clean.webp,vA / ca i UZ,GLOSSY Size : VITRIFIED TILES 2.5x5Ft | 800x1600mm | GLO,2 Pcs / 51.00 Kgs. Packing Weight (approx),placeholder,15,fragmented
gt-floor-c089,L,47,89,1,In ‘a Ff - I A 4 -\ .,,800×1600mm,2.5×5 Ft,Glossy,2,51.00,Floor,Tiles,Floor Tiles,PGVT,gt-floor-2025-p89-t1-clean.webp,/assets/catalogue/clean_swatches/gt-floor-2025-p89-t1-clean.webp,", & tg Ge: TF 2 ee in ‘A Ff - i a 4 -\ .",2.5x5Ft | 800x1600mm | G LO S SY,2 Pcs / 51.00 Kgs. Packing Weight (approx),high,15,fragmented
gt-floor-c090,R,47,90,2,"Reel So Allt,",,800×1600mm,2.5×5 Ft,Glossy,2,51.00,Floor,Tiles,Floor Tiles,PGVT,gt-floor-2025-p90-t2-clean.webp,/assets/catalogue/clean_swatches/gt-floor-2025-p90-t2-clean.webp,"Reel SO allt,",GLOSSY Size : VITRIFIED TILES 2.5x5Ft | 800x1600mm | GLO,2 Pcs / 51.00 Kgs. Packing Weight (approx),high,90,wordy-multi
gt-floor-c091,L,48,91,1,Global Floor Tile #91,,800×1600mm,2.5×5 Ft,Glossy,2,51.00,Floor,Tiles,Floor Tiles,PGVT,gt-floor-2025-p91-t1-clean.webp,/assets/catalogue/clean_swatches/gt-floor-2025-p91-t1-clean.webp,"ny 7 a - a / .""y ; i - i a _ 1 7 _ Te ee” Ee =e ie ar ae rn ie: . . re 2 ain. oo See ee & he aye os - we - ! - oe. i . . , ° : bd . - Pam BAR Tie WT Tr: “0+ i é . sf . . a ‘ _— , . . - os = rer er | c",2.5x5Ft | 800x1600mm | G LO S SY,2 Pcs / 51.00 Kgs. Packing Weight (approx),placeholder,15,fragmented
gt-floor-c092,R,48,92,2,Global Floor Tile #92,,800×1600mm,2.5×5 Ft,Glossy,2,51.00,Floor,Tiles,Floor Tiles,PGVT,gt-floor-2025-p92-t2-clean.webp,/assets/catalogue/clean_swatches/gt-floor-2025-p92-t2-clean.webp,"ee on Ce Sa TOMO 9"" OI a a rr ‘ae a r. i LA Sanne ot’, Sia eee ae as 7 - oo fo. met bee ip peg he _ : . es adi 5 a ~ 2 oi ee . oes : an: fy 2 & a - os F, : Pan tye ee, Lae, © Se i eee vl, €t he 4g | a",GLOSSY Size : VITRIFIED TILES 2.5x5Ft | 800x1600mm | GLO,2 Pcs / 51.00 Kgs. Packing Weight (approx),placeholder,15,fragmented
gt-floor-c093,L,49,93,1,Eee A Ae Ne 2K Ee,,600×600mm,2×2 Ft,Glossy,4,27.00,Floor,Tiles,Floor Tiles,PGVT,gt-floor-2025-p93-t1-clean.webp,/assets/catalogue/clean_swatches/gt-floor-2025-p93-t1-clean.webp,es CO es CO eee a ae ne 2k ee oe ‘ i ° ‘ ° ; a oe,NN —~ Size : QY |- 2x2Ft | 600x600mm FULL [-Ye)>)a Vy | VITRIFIED TILES | : 2x4Ft | 600x1200mm,4 Pcs (2X2) | 2 Pcs (2x4) / 27.00 Kgs. (2x2) | 28.00 Kgs. (2x4) Packing Weight (approx),high,15,fragmented
gt-floor-c094,R,49,94,2,* Eeaaill — As I) Ah I,,600×600mm,2×2 Ft,Glossy,4,27.00,Floor,Tiles,Floor Tiles,PGVT,gt-floor-2025-p94-t2-clean.webp,/assets/catalogue/clean_swatches/gt-floor-2025-p94-t2-clean.webp,"<< @OLULUD. VAG "" i ot = : Ea = | * eeaaill — as i) ah i —"" q "" * * j C- fon = Fa —"" Tt 1 e a, | -_ = 2p — “"", =| pe 4 = — , i 7 , a | _ , ~ ] at — SSE . ""7 ————— —— 7 j — -— ESE _ ie —— = = r ™ = a i",Size : So OO es 2x2Ft | 600x600mm | FULL | 2x4Ft | 600x1200mm “,4 Pcs (2X2) | 2 Pcs (2x4) / 27.00 Kgs. (2X2) | 28.00 Kgs. (2x4) Packing Weight (approx),high,15,fragmented
gt-floor-c095,L,50,95,1,Global Floor Tile #95,,600×600mm,2×2 Ft,Matte,4,27.00,Floor,Tiles,Floor Tiles,PGVT,gt-floor-2025-p95-t1-clean.webp,/assets/catalogue/clean_swatches/gt-floor-2025-p95-t1-clean.webp,CHARCOAL BLACK MATT ROCK CHARCOAL BLACK PUNCH (ChAQSONRTOR) (RDORNANNR),NN —~ Size : QY |- 2x2Ft | 600x600mm FULL [-Ye)>)a Vy | VITRIFIED TILES | : 2x4Ft | 600x1200mm,(CM11001000R) 4 Pcs (2x2) | 2 Pcs (2x4) / 27.00 Kgs. (2x2) | 28.00 Kgs. (2x4) Packing Weight (approx),placeholder,55,borderline
gt-floor-c096,R,50,96,2,Global Floor Tile #96,,600×600mm,2×2 Ft,Glossy,4,27.00,Floor,Tiles,Floor Tiles,PGVT,gt-floor-2025-p96-t2-clean.webp,/assets/catalogue/clean_swatches/gt-floor-2025-p96-t2-clean.webp,eae y Se OS ‘ a y- Pt \ a Pa Ly . i : y |,Size : VITRIFIED TILES 2x2Ft | 600x600mm | FULL | 2x4Ft | 600x1200mm,4 Pcs (2X2) | 2 Pcs (2x4) / 27.00 Kgs. (2x2) | 28.00 Kgs. (2x4) Packing Weight (approx),placeholder,5,symbols
gt-floor-c097,L,51,97,1,Global Floor Tile #97,,600×600mm,2×2 Ft,Matte,4,27.00,Floor,Tiles,Floor Tiles,PGVT,gt-floor-2025-p97-t1-clean.webp,/assets/catalogue/clean_swatches/gt-floor-2025-p97-t1-clean.webp,DARK GREY MATT ROCK DARK GREY PUNCH (NG7SOG6T7OR) {(RG7TR2NT7NOR),NN —~ Size : QY |- 2x2Ft | 600x600mm FULL [-Ye)>)a Vy | VITRIFIED TILES | : 2x4Ft | 600x1200mm,(DM900800R) 4 Pcs (2x2) | 2 Pcs (2x4) / 27.00 Kgs. (2x2) | 28.00 Kgs. (2x4) Packing Weight (approx),placeholder,55,borderline
gt-floor-c098,R,51,98,2,Global Floor Tile #98,,600×600mm,2×2 Ft,Glossy,4,27.00,Floor,Tiles,Floor Tiles,PGVT,gt-floor-2025-p98-t2-clean.webp,/assets/catalogue/clean_swatches/gt-floor-2025-p98-t2-clean.webp,"7 is 7 ee —_ : UML fb it co ke Choe = aig haw RS at aX a 1 : ‘i = Ts. See ois 74 ’ at ae ak] i, tye ie : . . ’ ote Pa te rele “ose aur y ie a &. rt Shs aa Fae Ny: . f oe | AGN arom eo} . ee ce , 4 MT ",Size : VITRIFIED TILES 2x2Ft | 600x600mm | FULL | 2x4Ft | 600x1200mm,4 Pcs (2X2) | 2 Pcs (2x4) / 27.00 Kgs. (2x2) | 28.00 Kgs. (2x4) Packing Weight (approx),placeholder,5,symbols
gt-floor-c099,L,52,99,1,Global Floor Tile #99,,600×600mm,2×2 Ft,Glossy,4,27.00,Floor,Tiles,Floor Tiles,PGVT,gt-floor-2025-p99-t1-clean.webp,/assets/catalogue/clean_swatches/gt-floor-2025-p99-t1-clean.webp,"wade oS a te eh gb cf sae NE Ste wo ptt wT eo oe eee Met 4 pa Ge EAE Tl Ma yt gt be fae! t sek on ‘ ay t AY a aon on aes ws . MO yt, a fatyte A ' uit i yi eo \! dg “yuk Oa Ae eB Ee Peg ow eh Might eta",NN —~ Size : QY |- 2x2Ft | 600x600mm FULL [-Ye)>)a Vy | VITRIFIED TILES | : 2x4Ft | 600x1200mm,(CG900800R) 4 Pcs (2x2) | 2 Pcs (2x4) / 27.00 Kgs. (2x2) | 28.00 Kgs. (2x4) Packing Weight (approx),placeholder,20,garbage
gt-floor-c100,R,52,100,2,Global Floor Tile #100,,600×600mm,2×2 Ft,Glossy,4,27.00,Floor,Tiles,Floor Tiles,PGVT,gt-floor-2025-p100-t2-clean.webp,/assets/catalogue/clean_swatches/gt-floor-2025-p100-t2-clean.webp,- ‘ 7 We ee a te “ ato ee ee . ; niente DM ———wt_-z- $= = cpotatse SS os SS. Se Seine Bee re Se. . ; - anni soe 7 Ps CO ae OR 3 sf Ls fie es re + A fe Doe _ ; : ed et an ic At a ee cod Se BT cae || ee,Size : So OO es 2x2Ft | 600x600mm | FULL | 2x4Ft | 600x1200mm “,4 Pcs (2X2) | 2 Pcs (2x4) / 27.00 Kgs. (2X2) | 28.00 Kgs. (2x4) Packing Weight (approx) |,placeholder,20,garbage
gt-floor-c101,L,53,101,1,Super White Matt,,600×600mm,2×2 Ft,Matte,4,27.00,Floor,Tiles,Floor Tiles,PGVT,gt-floor-2025-p101-t1-clean.webp,/assets/catalogue/clean_swatches/gt-floor-2025-p101-t1-clean.webp,SUPER WHITE MATT (S\A/OSONRT7OR),NN —~ Size : QY |- 2x2Ft | 600x600mm FULL [-Ye)>)a Vy | VITRIFIED TILES | : 2x4Ft | 600x1200mm,(SW11001000R) 4 Pcs (2x2) | 2 Pcs (2x4) / 27.00 Kgs. (2x2) | 28.00 Kgs. (2x4) Packing Weight (approx),high,90,wordy-multi
gt-floor-c102,R,53,102,2,"Es Th Oe Ee A, ~~ ~~ =y & - —— — Ss——"" = — 1 =",,600×600mm,2×2 Ft,Glossy,4,27.00,Floor,Tiles,Floor Tiles,PGVT,gt-floor-2025-p102-t2-clean.webp,/assets/catalogue/clean_swatches/gt-floor-2025-p102-t2-clean.webp,——— —— a == i = —_ = = = ee ———— ’ = ——_—— iy ig | ————— ee — a ——— ie a = = —— ——————————=~ —— — SSS — _—— ——— = rin ———— ————— = —————_ an — t ==. : —————S SS ———_ 2 f ee —— ————— ————- ———_—— = —— ,Size : VITRIFIED TILES 2x2Ft | 600x600mm | FULL | 2x4Ft | 600x1200mm,4 Pcs (2X2) | 2 Pcs (2x4) / 27.00 Kgs. (2X2) | 28.00 Kgs. (2x4) Packing Weight (approx) |,high,15,fragmented
gt-floor-c103,L,54,103,1,Global Floor Tile #103,,600×600mm,2×2 Ft,Glossy,4,27.00,Floor,Tiles,Floor Tiles,PGVT,gt-floor-2025-p103-t1-clean.webp,/assets/catalogue/clean_swatches/gt-floor-2025-p103-t1-clean.webp,Suae Cae ea Gare gr Oe Me SUGARY ot BCD ede LTA AS Sele eee ARI a fe eons: pee Gites herent te ae Pepe EIS ote OG CASS SIs Lees es 3 Se af eres eee gas. ae beth nah en “EF ei eS tort ye ; Se atte Rita,NN —~ Size : QY |- 2x2Ft | 600x600mm FULL [-Ye)>)a Vy | VITRIFIED TILES | : 2x4Ft | 600x1200mm,"NT et Ea WS Cer Sa Bert dal Peer) a Net © Dr a BC BASS OT WO ee ae Pe Nr, Os ae. tes ee RD te a Na eal fe ho Re ee, ot R",placeholder,55,borderline
gt-floor-c104,R,54,104,2,Galaxy Black Matt,,600×600mm,2×2 Ft,Matte,4,27.00,Floor,Tiles,Floor Tiles,PGVT,gt-floor-2025-p104-t2-clean.webp,/assets/catalogue/clean_swatches/gt-floor-2025-p104-t2-clean.webp,GALAXY BLACK MATT (GRR2NTSNR),Size : VITRIFIED TILES 2x2Ft | 600x600mm | FULL | 2x4Ft | 600x1200mm,4 Pcs (2X2) | 2 Pcs (2x4) / 27.00 Kgs. (2X2) | 28.00 Kgs. (2x4) Packing Weight (approx) |,high,90,wordy-multi
gt-floor-c105,L,55,105,1,Miicwvyv Biiittecpd,,600×600mm,2×2 Ft,Glossy,4,27.00,Floor,Tiles,Floor Tiles,PGVT,gt-floor-2025-p105-t1-clean.webp,/assets/catalogue/clean_swatches/gt-floor-2025-p105-t1-clean.webp,o- Pa - - - Miicwvyv BiIITTeCpD RAATT,NN —~ Size : QY |- 2x2Ft | 600x600mm FULL [-Ye)>)a Vy | VITRIFIED TILES | : 2x4Ft | 600x1200mm,", 4 Pcs (2X2) | 2 Pcs (2x4) / 27.00 Kgs. (2x2) | 28.00 Kgs. (2x4) ! Packing Weight (approx)",high,90,wordy-multi
gt-floor-c106,R,55,106,2,Nkhiicwvyv Mrocv Raatt,,600×600mm,2×2 Ft,Glossy,4,27.00,Floor,Tiles,Floor Tiles,PGVT,gt-floor-2025-p106-t2-clean.webp,/assets/catalogue/clean_swatches/gt-floor-2025-p106-t2-clean.webp,NKHiicwvyv mRocv RAATT,Size : VITRIFIED TILES 2x2Ft | 600x600mm | FULL | 2x4Ft | 600x1200mm,4 Pcs (2X2) | 2 Pcs (2x4) / 27.00 Kgs. (2x2) | 28.00 Kgs. (2x4) Packing Weight (approx) |,high,90,wordy-multi
gt-floor-c107,L,56,107,1,Global Floor Tile #107,,600×600mm,2×2 Ft,Glossy,4,27.00,Floor,Tiles,Floor Tiles,PGVT,gt-floor-2025-p107-t1-clean.webp,/assets/catalogue/clean_swatches/gt-floor-2025-p107-t1-clean.webp,i . - a . - ; ee ; 7 ; o* ~ - RAKVKA!L CAIOVAS LAILIITE RAATT,NN —~ Size : QY |- 2x2Ft | 600x600mm FULL [-Ye)>)a Vy | VITRIFIED TILES | : 2x4Ft | 600x1200mm,. 4 Pcs (2X2) | 2 Pcs (2x4) / 27.00 Kgs. (2x2) | 28.00 Kgs. (2x4) Packing Weight (approx),placeholder,55,borderline
gt-floor-c108,R,56,108,2,Global Floor Tile #108,,600×600mm,2×2 Ft,Glossy,4,27.00,Floor,Tiles,Floor Tiles,PGVT,gt-floor-2025-p108-t2-clean.webp,/assets/catalogue/clean_swatches/gt-floor-2025-p108-t2-clean.webp,EIR OR bac GN Seen MIAME Geen cd ey fea fe Sea EC nS tee BS Re CAANVE AAATT,Size : VITRIFIED TILES 2x2Ft | 600x600mm | FULL | 2x4Ft | 600x1200mm,4 Pcs (2X2) | 2 Pcs (2x4) / 27.00 Kgs. (2x2) | 28.00 Kgs. (2x4) Packing Weight (approx) |,placeholder,20,garbage
gt-floor-c109,L,57,109,1,Metal Matt,,600×1200mm,2×4 Ft,Matte,2,28.00,Floor,Tiles,Floor Tiles,PGVT,gt-floor-2025-p109-t1-clean.webp,/assets/catalogue/clean_swatches/gt-floor-2025-p109-t1-clean.webp,METAL MATT (MNMAQSONRSOR),a . 2x4Ft | 600x1200mm | FULL |:te)Pa6,2 Pcs / 28.00 Kgs. Packing Weight (approx),high,90,wordy-multi
gt-floor-c110,R,57,110,2,Mud Matt,,600×600mm,2×2 Ft,Matte,4,27.00,Floor,Tiles,Floor Tiles,PGVT,gt-floor-2025-p110-t2-clean.webp,/assets/catalogue/clean_swatches/gt-floor-2025-p110-t2-clean.webp,MUD MATT (NMAN7SOGT7OR),Size : VITRIFIED TILES 2x2Ft | 600x600mm | FULL | 2x4Ft | 600x1200mm,4 Pcs (2X2) | 2 Pcs (2x4) / 27.00 Kgs. (2X2) | 28.00 Kgs. (2x4) Packing Weight (approx) |,high,90,wordy-multi
gt-floor-c111,L,58,111,1,Caramel Matt,,600×1200mm,2×4 Ft,Matte,2,28.00,Floor,Tiles,Floor Tiles,PGVT,gt-floor-2025-p111-t1-clean.webp,/assets/catalogue/clean_swatches/gt-floor-2025-p111-t1-clean.webp,CARAMEL MATT (ANMAQSNREOR),a . 2x4Ft | 600x1200mm | FULL |:te)Pa6,2 Pcs / 28.00 Kgs. Packing Weight (approx),high,90,wordy-multi
gt-floor-c112,R,58,112,2,Global Floor Tile #112,,600×600mm,2×2 Ft,Glossy,2,24.00,Floor,Tiles,Floor Tiles,PGVT,gt-floor-2025-p112-t2-clean.webp,/assets/catalogue/clean_swatches/gt-floor-2025-p112-t2-clean.webp,Re eevee ti Rar a / 2M Ries Aad Ie ak wet eee NY pb PACS Ske Ae LOPS DAC Seed Arse bl BF aL Fane ey } AN ET Pe. A fan ee on IN IPE CARY BI bialatim Siwy Wnty Pose abr he Ly ied) SUPE ee a AY Manet es ,VITRIFIED TILES 2x2Ft | 600x600mm VITR,RRC ART Fai kes 5 5 ee Bee Sn A TT OS ST BLE Node IN ESPN LS SPE ARR ak SPOONS SETTER ME SOR ELE SY Fase CRO NAOMI abe h,placeholder,15,fragmented
gt-floor-c113,L,59,113,1,Color Body Series,,800×2400mm,2.5×8 Ft,Glossy,2,68.00,Floor,Tiles,Floor Tiles,PGVT,gt-floor-2025-p113-t1-clean.webp,/assets/catalogue/clean_swatches/gt-floor-2025-p113-t1-clean.webp,ee | | 7 COLOR BODY SERIES COLOR BODY SERIES GLOSSY GLOSSY 7 COLOR — RIES GLOSSY GLOSSY GLOSSY GLOSSY,NE | Size : SLA ~ “Ab — — 2.5x8Ft | 800x2400mm | TILE s,"| Single rece / 68.00 Kgs. , Packing Weight (approx)",high,0,empty
gt-floor-c114,R,59,114,2,S Ser V “a Dby Oj,,800×2400mm,2.5×8 Ft,Glossy,2,68.00,Floor,Tiles,Floor Tiles,PGVT,gt-floor-2025-p114-t2-clean.webp,/assets/catalogue/clean_swatches/gt-floor-2025-p114-t2-clean.webp,"= _ = = =H “i i lal) i = _—— : | _ ae] |e = ae | I | | 4 | Ve = ~— = . il | t SE lU _ = « : _ ] <— 1 } : i ks «al *; >i ay * 4 y “ +a : - wy > , Ay 4 if ry ‘ “a a es = 4 4 a ra ths | P , . ° iy a / e ",15mm Thickness +|« Size : SL 2.5x8Ft | 800x2400mm | TIL,Single rece | 68.00 Kgs. Packing Weight (approx) |,high,20,garbage
gt-floor-c115,L,60,115,1,Ce Ain Ess .,,800×2400mm,2.5×8 Ft,Glossy,2,68.00,Floor,Tiles,Floor Tiles,PGVT,gt-floor-2025-p115-t1-clean.webp,/assets/catalogue/clean_swatches/gt-floor-2025-p115-t1-clean.webp,"JN Y y\ yy f NS Ce ain ESS . Sy , a a -",NE | Size : SLA ~ “Ab — — 2.5x8Ft | 800x2400mm | TILE s,", Single rece / 68.00 Kgs. ! Packing Weight (approx)",high,90,wordy-multi
gt-floor-c116,R,60,116,2,Global Floor Tile #116,,800×2400mm,2.5×8 Ft,Glossy,2,68.00,Floor,Tiles,Floor Tiles,PGVT,gt-floor-2025-p116-t2-clean.webp,/assets/catalogue/clean_swatches/gt-floor-2025-p116-t2-clean.webp,"a) -— a +. : <p * te S| ee ms be a Bs jeeessey oS = a) i . ill _ - La . tS oe, 4 iy “a a? . man omni as Bat - : 7 ~,.° , ; 7 . eo” ~ “ - fe ‘ ‘ » 7 . - ‘ _ . ’ “ ‘wei OF » 4 = ~ > = ¥ oh ¥ oN",15mm Thickness +|« Size : SL 2.5x8Ft | 800x2400mm | TIL,Single rece / 68.00 Kgs. Packing Weight (approx) |,placeholder,5,symbols
gt-floor-c117,L,61,117,1,Mmiifraceyv Co. Aaatt — ~ ~ Lirracey Of=. Aaatt,,800×2400mm,2.5×8 Ft,Glossy,2,68.00,Floor,Tiles,Floor Tiles,PGVT,gt-floor-2025-p117-t1-clean.webp,/assets/catalogue/clean_swatches/gt-floor-2025-p117-t1-clean.webp,es | | _ FULLBODY SNP SERIES MmIifraceyv CO. AAATT — ~ ~ lirracey OF=. AAATT FULLBODY SNP SERIES Y & MATT GLOSSY & MATT GLOSSY & MATT Y & MATT — _ GLOSSY & MATT Y & MATT GLOSSY & MATT GLOSSY & MATT Y ,NE | Size : SLA ~ “Ab — — 2.5x8Ft | 800x2400mm | TILE s,! Single rece / 68.00 Kgs. Packing Weight (approx),high,0,empty
gt-floor-c118,R,61,118,2,—) Ee . . (sve I Wed Pit A> Say A1 Eg A Ole Ae,,800×2400mm,2.5×8 Ft,Glossy,2,68.00,Floor,Tiles,Floor Tiles,PGVT,gt-floor-2025-p118-t2-clean.webp,/assets/catalogue/clean_swatches/gt-floor-2025-p118-t2-clean.webp,"gs 3 * : : ‘ le i _ = — i? = ae ay = 7 Sen a 1 ee = ‘ a, , A =~ 7 ‘“ . - Ml 7 * ry .=* a! ‘eof. & ms 4, 4 - Fy | a > } so 8 , 4 a ""ih 7 “~~ r Ts i | . ‘. ; ""7 a. p . yu ai i =e ""ye — { bi : "" e iA = .",15mm Thickness +|« Size : SL 2.5x8Ft | 800x2400mm | TI! L,i i ee ee ee eee ee eee eee eee ee ee Single rece | 68.00 Kgs. Packing Weight (approx) |,high,55,borderline
gt-floor-c119,L,62,119,1,Fullbody Snp Series,,800×2400mm,2.5×8 Ft,Glossy,2,68.00,Floor,Tiles,Floor Tiles,PGVT,gt-floor-2025-p119-t1-clean.webp,/assets/catalogue/clean_swatches/gt-floor-2025-p119-t1-clean.webp,ee | | FULLBODY SNP SERIES FULLBODY SNP SERIES GLOSSY GLOSSY & MATT GLOSSY GLOSSY & MATT GLOSSY GLOSSY & MATT,NE | Size : SLA ~ “Ab — — 2.5x8Ft | 800x2400mm | TILE s,Single rece / 68.00 Kgs. Packing Weight (approx),high,0,empty
gt-floor-c120,R,62,120,2,= I Lass En | St\—~ Ol,,800×2400mm,2.5×8 Ft,Glossy,2,68.00,Floor,Tiles,Floor Tiles,PGVT,gt-floor-2025-p120-t2-clean.webp,/assets/catalogue/clean_swatches/gt-floor-2025-p120-t2-clean.webp,4 PW SLE. SNUTz B CoN £2 \t[ >> ay SS 1 ie) ‘ al >\\ | a =! ’ ALVIN yh g \ ——— “~~ a _ 48 N all a ii = i LASS en | st\—~ ol e IS A NO i ffa | NS ~ AS a N id | WN 3 : | | | A Nelly |,15mm Thickness +|« Size : SL 2.5x8Ft | 800x2400mm | TI! L,Single reece | 68.00 Kgs. Packing Weight (approx) |,high,15,fragmented
gt-floor-c121,L,63,121,1,Cimceyv Co Aaatt ~— ~ Cimceyv Oc Aaatt,,800×2400mm,2.5×8 Ft,Glossy,2,68.00,Floor,Tiles,Floor Tiles,PGVT,gt-floor-2025-p121-t1-clean.webp,/assets/catalogue/clean_swatches/gt-floor-2025-p121-t1-clean.webp,"ee | | 7 FULLBODY SERIES CIMCeYV CO AAATT ~— ~ CIMCeYV OC AAATT FULLBODY SERIES Y & MATT GLOSSY & MATT GLOSSY & MATT Y & MATT a "" "" . GLOSSY & MATT Y & MATT GLOSSY & MATT GLOSSY & MATT Y & MATT GLOSSY",NE | Size : SLA ~ “Ab — — 2.5x8Ft | 800x2400mm | TILE s,Single rece / 68.00 Kgs. Packing Weight (approx),high,0,empty
gt-floor-c122,R,63,122,2,Wt Av,,800×2400mm,2.5×8 Ft,Glossy,2,68.00,Floor,Tiles,Floor Tiles,PGVT,gt-floor-2025-p122-t2-clean.webp,/assets/catalogue/clean_swatches/gt-floor-2025-p122-t2-clean.webp,wt av,15mm Thickness +|« Size : SL 2.5x8Ft | 800x2400mm | TI! L,Single raece | 68.00 Kgs. Packing Weight (approx) |,high,90,wordy-multi
gt-floor-c123,L,64,123,1,Mmiifrraceyv Co Aaatt F= 1 —_ ~ : : Raat T,,800×2400mm,2.5×8 Ft,Glossy,2,68.00,Floor,Tiles,Floor Tiles,PGVT,gt-floor-2025-p123-t1-clean.webp,/assets/catalogue/clean_swatches/gt-floor-2025-p123-t1-clean.webp,ee | | 7 FULLBODY SERIES MmIifrraceyv CO AAATT f= 1 —_ ~ : : RAAT T FULLBODY SERIES Y & MATT GLOSSY & MATT MATT,NE | Size : SLA ~ “Ab — — 2.5x8Ft | 800x2400mm | TILE s,"| Single rece / 68.00 Kgs. , Packing Weight (approx)",high,55,borderline
gt-floor-c124,R,64,124,2,Global Floor Tile #124,,800×2400mm,2.5×8 Ft,Glossy,2,68.00,Floor,Tiles,Floor Tiles,PGVT,gt-floor-2025-p124-t2-clean.webp,/assets/catalogue/clean_swatches/gt-floor-2025-p124-t2-clean.webp,i,15mm Thickness +|« Size : SL 2.5x8Ft | 800x2400mm | TI! L,Single reece / 68.00 Kgs. Packing Weight (approx) |,placeholder,0,empty
gt-floor-c125,L,65,125,1,Glossy & Matt Glossy & Matt,,800×2400mm,2.5×8 Ft,Glossy,2,68.00,Floor,Tiles,Floor Tiles,PGVT,gt-floor-2025-p125-t1-clean.webp,/assets/catalogue/clean_swatches/gt-floor-2025-p125-t1-clean.webp,rs | | 7 PIXEL SERIES Mmifrraceyv O= AAATT ~ ~ PIXEL SERIES GLOSSY & MATT GLOSSY & MATT GLOSSY & MATT ; ~ _ GLOSSY & MATT GLOSSY & MATT GLOSSY & MATT GLOSSY & MATT,NE | Size : SLA ~ “Ab — — 2.5x8Ft | 800x2400mm | TILE s,", Single rece / 68.00 Kgs. ! Packing Weight (approx)",high,0,empty
gt-floor-c126,R,65,126,2,E A” Cop => = Zl Y =,,800×2400mm,2.5×8 Ft,Glossy,2,68.00,Floor,Tiles,Floor Tiles,PGVT,gt-floor-2025-p126-t2-clean.webp,/assets/catalogue/clean_swatches/gt-floor-2025-p126-t2-clean.webp,"—_ . = et —2 a "" i i Oe — “ , - — =——_ . ev 4 ‘ - i. . = , . ; = ° ’ J - ‘ ; - - , ; — e - ‘ ‘ ce - - ' = : , | ; . * % ’ : t a ¢ > ’ ‘ 4 : oi ~ ‘ an i , Q = ~ . tik E | . , = . . : | 3 E = —_— on = —",15mm Thickness +|« Size : SL 2.5x8Ft | 800x2400mm | TI! L,Single reece / 68.00 Kgs. Packing Weight (approx) |,high,5,symbols
gt-floor-c127,L,66,127,1,Glossy Glossy,,800×2400mm,2.5×8 Ft,Glossy,2,68.00,Floor,Tiles,Floor Tiles,PGVT,gt-floor-2025-p127-t1-clean.webp,/assets/catalogue/clean_swatches/gt-floor-2025-p127-t1-clean.webp,es | | 7 NANO SERIES NANO SERIES GLOSSY GLOSSY GLOSSY GLOSSY GLOSSY GLOSSY,NE | Size : SLA ~ “Ab — — 2.5x8Ft | 800x2400mm | TILE s,! Single rece / 68.00 Kgs. Packing Weight (approx),high,0,empty
gt-floor-c128,R,66,128,2,Ff — - | | = A - - Ss Z Z | = — _ |,,800×2400mm,2.5×8 Ft,Glossy,2,68.00,Floor,Tiles,Floor Tiles,PGVT,gt-floor-2025-p128-t2-clean.webp,/assets/catalogue/clean_swatches/gt-floor-2025-p128-t2-clean.webp,"————— — = "" —— — — —— i = a | | —_ —s — ——_ oO — — —_— _{ = - — = » —- 9 ff — - | | = a - - Ss Z Z | = — _ | 4 = {t — { _ = Z - 3 = na - —— - ) |",15mm Thickness +|« Size : SL 2.5x8Ft | 800x2400mm | TIL,Single raece / 68.00 Kgs. Packing Weight (approx) |,high,15,fragmented
gt-floor-c129,L,67,129,1,On Ae Ee Me,,800×2400mm,2.5×8 Ft,Glossy,2,68.00,Floor,Tiles,Floor Tiles,PGVT,gt-floor-2025-p129-t1-clean.webp,/assets/catalogue/clean_swatches/gt-floor-2025-p129-t1-clean.webp,on ae Ee me ee | ment = ata — ce | ene al —<—ee . . ~—- —,NR / sie: | SLA 495 / 2.5x8Ft | 800x2400mm | TILE s,Single rece / 68.00 Kgs. Packing Weight (approx),high,90,wordy-multi
gt-floor-c130,R,67,130,2,Lib Ta Bat Ante Nae Baat Bell 7 X Tay Ft) ) My,,800×2400mm,2.5×8 Ft,Glossy,2,27.00,Floor,Tiles,Floor Tiles,PGVT,gt-floor-2025-p130-t2-clean.webp,/assets/catalogue/clean_swatches/gt-floor-2025-p130-t2-clean.webp,"- ! | ‘ : | ; —— a = eid , | eee Be | = a CS _ i al —_ We com | | r is C | ke Na ~)!! ~! i . —S >) wha! —— 2 - = >. — — “ —— ee . ™ a é — - 3 ¥ . “ « a i re | —_..— - / | me ia = ws a ~ — po, 7 ~ ' — ",15mm Thickness +|« Size : SL 2.5x8Ft | 800x2400mm | TIL,,high,5,symbols
gt-floor-c131,L,68,131,1,Global Floor Tile #131,,800×2400mm,2.5×8 Ft,Glossy,2,68.00,Floor,Tiles,Floor Tiles,PGVT,gt-floor-2025-p131-t1-clean.webp,/assets/catalogue/clean_swatches/gt-floor-2025-p131-t1-clean.webp,o to “4 7 ny i a ma a . . ast . Looe. - 3° . . . . . 5 . . . saa : a “ : . a - eno a . ' - oa - — ca: toe ee . x a o . Sr are a viet 6 ey A LL . a rs,NE | Size : SLA ~ “Ab — — 2.5x8Ft | 800x2400mm | TILE s,Single rece / 68.00 Kgs. Packing Weight (approx),placeholder,15,fragmented
gt-floor-c132,R,68,132,2,"I Igre Tl"" Te Sa A Ee Ete Be Ae I ( Ok I",,800×2400mm,2.5×8 Ft,Glossy,2,68.00,Floor,Tiles,Floor Tiles,PGVT,gt-floor-2025-p132-t2-clean.webp,/assets/catalogue/clean_swatches/gt-floor-2025-p132-t2-clean.webp,"- ; = < ” 7 | | ™ a adil tro , (* - - = a :’ * = — - P ; 2 i | ' on : = i ' » . . : Ya —_ Cs » i r “ ‘ - ~ ee cs : “4 . ithe 4 P i A aie ; i sb y [a >. = 1% tot y Pst an ; H al — Newee Le oy w “Ty “2-",15mm Thickness +|« Size : SL 2.5x8Ft | 800x2400mm | TI! L,Single rece / 68.00 Kgs. Packing Weight (approx) |,high,15,fragmented
gt-floor-c133,L,69,133,1,Global Floor Tile #133,,800×2400mm,2.5×8 Ft,Glossy,2,68.00,Floor,Tiles,Floor Tiles,PGVT,gt-floor-2025-p133-t1-clean.webp,/assets/catalogue/clean_swatches/gt-floor-2025-p133-t1-clean.webp,,NE | Size : SLA ~ “Ab — — 2.5x8Ft | 800x2400mm | TILE s,"| Single rece / 68.00 Kgs. , Packing Weight (approx)",placeholder,0,empty
gt-floor-c134,R,69,134,2,Global Floor Tile #134,,800×2400mm,2.5×8 Ft,Glossy,2,68.00,Floor,Tiles,Floor Tiles,PGVT,gt-floor-2025-p134-t2-clean.webp,/assets/catalogue/clean_swatches/gt-floor-2025-p134-t2-clean.webp,"— > ae ———— cal , | a _— “>? od SSL 3 - 7 -, a",15mm Thickness +|« Size : SL 2.5x8Ft | 800x2400mm | TIL,Single rece | 68.00 Kgs. Packing Weight (approx) |,placeholder,50,short-word
gt-floor-c135,L,70,135,1,Global Floor Tile #135,,800×3000mm,2.5×10 Ft,Glossy,2,85.00,Floor,Tiles,Floor Tiles,PGVT,gt-floor-2025-p135-t1-clean.webp,/assets/catalogue/clean_swatches/gt-floor-2025-p135-t1-clean.webp,"eet Ve TE a ere eR re a en ree Oe te Me res Pen 2 Wott ey ta! ew pe Ceebe Sys meee ere at gD ay ue Wo RE ee tent ae Pls poe ES i coe al, oe he wt. Tt ay i . . - te ge ce A ee tet es ce Bee te id a ap ",NE | Size : SLA ae — 2.5x10Ft | 800x3000mm | TILE s,", Single Piece / 85.00 Kgs. ! Packing Weight (approx)",placeholder,15,fragmented
gt-floor-c136,R,70,136,2,Glossy Glossy,,800×3000mm,2.5×10 Ft,Glossy,2,85.00,Floor,Tiles,Floor Tiles,PGVT,gt-floor-2025-p136-t2-clean.webp,/assets/catalogue/clean_swatches/gt-floor-2025-p136-t2-clean.webp,- | a GLOSSY GLOSSY GLOSSY GLOSSY GLOSSY GLOSSY GLOSSY GLOSSY oo,15mm Thickness +|« Size : SL 2.5x10Ft | 800x3000mm | TIL,Single Piece / 85.00 Kgs. Packing Weight (approx) |,high,0,empty
gt-floor-c137,L,71,137,1,I \ Modified Adherive Highly Flexibis,,600×1200mm,2×4 Ft,Glossy,2,27.00,Floor,Tiles,Floor Tiles,PGVT,gt-floor-2025-p137-t1-clean.webp,/assets/catalogue/clean_swatches/gt-floor-2025-p137-t1-clean.webp,"—— F TS Ray y, | CERAStylexd * Slab Tile / Stone Adhesive | | \ TAO3 - Grey d ° by \ Dich octyne . | i \ modified adherive Highly flexibis | : = | | Trusted by all. | | CERA Styleiin } \ slab Tie / St",CERA,ee “B' ge k= ad i pe ],high,15,fragmented
gt-floor-c138,R,71,138,2,¢ Cement Mortar Beds Ee A Ee —= Ee Eee,,600×1200mm,2×4 Ft,Glossy,2,27.00,Floor,Tiles,Floor Tiles,PGVT,gt-floor-2025-p138-t2-clean.webp,/assets/catalogue/clean_swatches/gt-floor-2025-p138-t2-clean.webp,"WMA PAMTIGVIIVG ’ : — sa —_ VY <5 a” SILVER om M.R.P. RS. : 530/- \ ea : NGS IND: pee raA stylew 4 ., aa a; ob ee ee ee ‘ P Tile Adhesive TAO1F = SUITABLE SUBSTRATES — —————— =— ¢ Cement mortar beds e",Tile Grout & Adhesives — ee,"RJM WeiMvves, Vito Vl. a",high,5,symbols
gt-floor-c139,L,72,139,1,Nent Baker Board (for Inernal Use Only)* El ° I,,600×1200mm,2×4 Ft,Glossy,2,27.00,Floor,Tiles,Floor Tiles,PGVT,gt-floor-2025-p139-t1-clean.webp,/assets/catalogue/clean_swatches/gt-floor-2025-p139-t1-clean.webp,LA FrAliis IV we 2 SLAB TILE /STONE ADHESIVE | TAO3-GREY (Gs) | PLATINUM CERAStyleiN AAR MR .4aNnnNK / Slab Tile / Stone Adhesive a] AB TILE / STONE ADHESIVE ATINUM CERA Style : Adhesi Jf wR.P.RS.:120,tA Tile Grout a & Adhesives,0 OI OE NOI EE SOD OEE IEE OER ENE SE,high,15,fragmented
gt-floor-c140,R,72,140,2,Global Floor Tile #140,,600×1200mm,2×4 Ft,Glossy,2,27.00,Floor,Tiles,Floor Tiles,PGVT,gt-floor-2025-p140-t2-clean.webp,/assets/catalogue/clean_swatches/gt-floor-2025-p140-t2-clean.webp,White Ivory Grey ™ Z aise - ity,Tile Grout CE & Adhesives,ON DI TE I OES oe OO a,skip,15,fragmented
