id,pdfPage,name,sizeMm,sizeIn,finish,surface,category,subCategory,layout,textureFile,textureUrl,nameOcrRaw,confidence
sky12x18-c001,2,123-L,450×300mm,"12""×18""",Glossy,Wall,Tiles,Wall Tiles,product,sky12x18-p2-t1-clean.webp,/assets/catalogue/clean_swatches/sky12x18-p2-t1-clean.webp,450X300 123-L 450X300 123-L _—* BX |,high
sky12x18-c002,3,150-L,450×300mm,"12""×18""",Glossy,Wall,Tiles,Wall Tiles,product,sky12x18-p3-t1-clean.webp,/assets/catalogue/clean_swatches/sky12x18-p3-t1-clean.webp,450X300 150-L 450X300 150-L 450X300 GLOSSY,high
sky12x18-c003,4,150-AQUA,450×300mm,"12""×18""",Glossy,Wall,Tiles,Wall Tiles,product,sky12x18-p4-t1-clean.webp,/assets/catalogue/clean_swatches/sky12x18-p4-t1-clean.webp,"450X300 150-AQUA 450X300 150-AQUA . * f 7 * al 7 by H’ iat im 7 fees ~*~ \ie em ‘ Ht a | > ™ % < - wa é ~*~ 7 A * — ~~ a ‘s : ' ae , EN j c = ’ : 7 ; . es? ¥ i aN ; i"" = ‘i AN bi 1 = 7” ao . at bee . ",high
sky12x18-c004,5,150-L,450×300mm,"12""×18""",Glossy,Wall,Tiles,Wall Tiles,product,sky12x18-p5-t1-clean.webp,/assets/catalogue/clean_swatches/sky12x18-p5-t1-clean.webp,450X300 150-L 450X300 150-L 450X300 GLOSSY,high
sky12x18-c005,6,150-L,450×300mm,"12""×18""",Glossy,Wall,Tiles,Wall Tiles,product,sky12x18-p6-t1-clean.webp,/assets/catalogue/clean_swatches/sky12x18-p6-t1-clean.webp,450X300 150-L 450X300 150-L 450X300 GLOSSY a -_ \ \,high
sky12x18-c006,7,151-LT,450×300mm,"12""×18""",Glossy,Wall,Tiles,Wall Tiles,product,sky12x18-p7-t1-clean.webp,/assets/catalogue/clean_swatches/sky12x18-p7-t1-clean.webp,"450X300 151-LT 450X300 151-LT ; \ % vy 4 / q my “ . } \ ' \ | ‘ ' ‘ \ + \' | 5) | | | \\ \ con ‘ , ' : \ L < o, re . \ \\ \ \\\ pe | : x) Ye seis \ \ ’ at \\ P sees \ ' , A <8 eh : 3 ’ 7 o A) , 2 \ AY",high
sky12x18-c007,8,230-LT,450×300mm,"12""×18""",Glossy,Wall,Tiles,Wall Tiles,product,sky12x18-p8-t1-clean.webp,/assets/catalogue/clean_swatches/sky12x18-p8-t1-clean.webp,450X300 230-LT 450X300 230-LT 450X300 GLOSSY,high
sky12x18-c008,9,236-LT,450×300mm,"12""×18""",Glossy,Wall,Tiles,Wall Tiles,product,sky12x18-p9-t1-clean.webp,/assets/catalogue/clean_swatches/sky12x18-p9-t1-clean.webp,450X300 236-LT 450X300 236-LT 450X300 GLOSSY a JY = 7 _ =e,high
sky12x18-c009,10,242-LT,450×300mm,"12""×18""",Glossy,Wall,Tiles,Wall Tiles,product,sky12x18-p10-t1-clean.webp,/assets/catalogue/clean_swatches/sky12x18-p10-t1-clean.webp,450X300 242-LT 450X300 242-LT 450X300 GLOSSY,high
sky12x18-c010,11,252-LT,450×300mm,"12""×18""",Glossy,Wall,Tiles,Wall Tiles,product,sky12x18-p11-t1-clean.webp,/assets/catalogue/clean_swatches/sky12x18-p11-t1-clean.webp,"450X300 252-LT 450X300 252-LT Oe z, . / Lees Ags “ ee iy f ba . ~£ ¢ AX . , ey < = ies es s .",high
sky12x18-c011,12,255-LT,450×300mm,"12""×18""",Glossy,Wall,Tiles,Wall Tiles,product,sky12x18-p12-t1-clean.webp,/assets/catalogue/clean_swatches/sky12x18-p12-t1-clean.webp,450X300 255-LT 450X300 255-LT 450X300 GLOSSY,high
sky12x18-c012,13,293-LT,450×300mm,"12""×18""",Glossy,Wall,Tiles,Wall Tiles,product,sky12x18-p13-t1-clean.webp,/assets/catalogue/clean_swatches/sky12x18-p13-t1-clean.webp,450X300 293-LT 450X300 293-LT A) NS : | . “ ’ ae 7 ») Nee “ar S L. ae Nae 4 a >} vee rd tis me F a ° J _. — * WN a,high
sky12x18-c013,14,293-LT,450×300mm,"12""×18""",Glossy,Wall,Tiles,Wall Tiles,product,sky12x18-p14-t1-clean.webp,/assets/catalogue/clean_swatches/sky12x18-p14-t1-clean.webp,450X300 293-LT 450X300 293-LT 450X300 GLOSSY,high
sky12x18-c014,15,310-LT,450×300mm,"12""×18""",Glossy,Wall,Tiles,Wall Tiles,product,sky12x18-p15-t1-clean.webp,/assets/catalogue/clean_swatches/sky12x18-p15-t1-clean.webp,"450X300 310-LT 450X300 310-LT See a ; "" 1 oy) a oot | ' Wu ig ee Oe fi aN mah) \ it) ane TY e ope re, 2 eee : A ih ‘ AY 1\\ Way RN \ i, ae NFER |, , \ TAS \\e ; NNSA) OF 22e * ATR ESET LA ie BA ad ; “",high
sky12x18-c015,16,310-LT,450×300mm,"12""×18""",Glossy,Wall,Tiles,Wall Tiles,product,sky12x18-p16-t1-clean.webp,/assets/catalogue/clean_swatches/sky12x18-p16-t1-clean.webp,450X300 310-LT 450X300 310-LT 450X300 GLOSSY,high
sky12x18-c016,17,318-LT,450×300mm,"12""×18""",Glossy,Wall,Tiles,Wall Tiles,product,sky12x18-p17-t1-clean.webp,/assets/catalogue/clean_swatches/sky12x18-p17-t1-clean.webp,"450X300 318-LT 450X300 318-LT zA id + -* dé Abe ~ ASS ee > ww”), € 27? oot ay ty! Laas | pi the © oan” tou, e , ar ww, 5 : ai @ Na Laker gn “x Ov ia Z Pepto noe ° swe @ Cc ; Sa 8 » J INS © Oo a: ; Pe ",high
sky12x18-c017,18,335-LT,450×300mm,"12""×18""",Glossy,Wall,Tiles,Wall Tiles,product,sky12x18-p18-t1-clean.webp,/assets/catalogue/clean_swatches/sky12x18-p18-t1-clean.webp,450X300 335-LT 450X300 335-LT SAN,high
sky12x18-c018,19,362-LT,450×300mm,"12""×18""",Glossy,Wall,Tiles,Wall Tiles,product,sky12x18-p19-t1-clean.webp,/assets/catalogue/clean_swatches/sky12x18-p19-t1-clean.webp,"450X300 362-LT-(RANDOM) 450X300 362-LT-(RANDOM) i) ans . a4, “ —_. ee ee 3 port z ~ | e os : \ Aa va iia , ath ""oe ' ** a ‘ . 2 Y, fl CS \ PR Lp ° A otdig 4 ‘a AN \ y Nar” da ty Sinn X \"" ewe PED pe <",high
sky12x18-c019,20,367-LT,450×300mm,"12""×18""",Glossy,Wall,Tiles,Wall Tiles,product,sky12x18-p20-t1-clean.webp,/assets/catalogue/clean_swatches/sky12x18-p20-t1-clean.webp,"450X300 367-LT 450X300 367-LT Y _ a 7 f 2-43 ya i) \ fis cr . / Ke) _ . i YH of ~s& ~y 4 © 4 7 & ~ 4 Fo 4 . f (O} aw \ Ay, | x yy \ “A, y >. : ©) poh , “ (",high
sky12x18-c020,21,423-LT,450×300mm,"12""×18""",Glossy,Wall,Tiles,Wall Tiles,product,sky12x18-p21-t1-clean.webp,/assets/catalogue/clean_swatches/sky12x18-p21-t1-clean.webp,450X300 423-LT 450X300 423-LT 450X300 GLOSSY,high
sky12x18-c021,22,429-LT,450×300mm,"12""×18""",Glossy,Wall,Tiles,Wall Tiles,product,sky12x18-p22-t1-clean.webp,/assets/catalogue/clean_swatches/sky12x18-p22-t1-clean.webp,"450X300 429-LT 450X300 429-LT - — 7 J — ~ d . \ oe ~ \ ,” . « 4 4 Z — - NN ‘ \° pore . ee , f ‘* \ %*, 4 \ ba 4 . gv wey ° — { j « . * ‘ as > oo“ »_ & i \ es . | ae | \ . ~~, ad _— \ ¢ / .¢ i ° 2 7 Ne",high
sky12x18-c022,23,456-LT,450×300mm,"12""×18""",Glossy,Wall,Tiles,Wall Tiles,product,sky12x18-p23-t1-clean.webp,/assets/catalogue/clean_swatches/sky12x18-p23-t1-clean.webp,450X300 456-LT-(RANDOM) 450X300 456-LT-(RANDOM) 450X300 GLOSSY,high
sky12x18-c023,24,919-LT,450×300mm,"12""×18""",Glossy,Wall,Tiles,Wall Tiles,product,sky12x18-p24-t1-clean.webp,/assets/catalogue/clean_swatches/sky12x18-p24-t1-clean.webp,450X300 919-LT 450X300 919-LT | ge Sa ray #S. Rf IIANEE ae? r aye ) ¥ if % / es A ’ s yy . ? wD “ RB fe. MY i Z se»,high
sky12x18-c024,25,1049-LT,450×300mm,"12""×18""",Glossy,Wall,Tiles,Wall Tiles,product,sky12x18-p25-t1-clean.webp,/assets/catalogue/clean_swatches/sky12x18-p25-t1-clean.webp,"450X300 1049-LT 450X300 1049-LT aie otis mh = .* ’) » pA, ee ry % A 7! A va NK are ’ \ &N% : N PEP we , oA ; > I at tay Ya > — | | \ oy ‘ NY 4 OOM ‘ nee Da Ne Ce ws CR OS 14) ee. pte oa SI a> Sy 5 ‘4,",high
sky12x18-c025,26,1052-LT,450×300mm,"12""×18""",Glossy,Wall,Tiles,Wall Tiles,product,sky12x18-p26-t1-clean.webp,/assets/catalogue/clean_swatches/sky12x18-p26-t1-clean.webp,450X300 1052-LT 450X300 1052-LT \ — -_,high
sky12x18-c026,27,1054-LT,450×300mm,"12""×18""",Glossy,Wall,Tiles,Wall Tiles,product,sky12x18-p27-t1-clean.webp,/assets/catalogue/clean_swatches/sky12x18-p27-t1-clean.webp,450X300 1054-LT 450X300 1054-LT 450X300 GLOSSY,high
sky12x18-c027,28,1233-LT,450×300mm,"12""×18""",Glossy,Wall,Tiles,Wall Tiles,product,sky12x18-p28-t1-clean.webp,/assets/catalogue/clean_swatches/sky12x18-p28-t1-clean.webp,450X300 1233-LT 450X300 1233-LT | hit \\') '\ ‘a : e as . / ; 0 ohh ‘i \ \\} \ irk . An \ /; H OE AEs | \ ’ ’ i a |,high
sky12x18-c028,29,1234-LT,450×300mm,"12""×18""",Glossy,Wall,Tiles,Wall Tiles,product,sky12x18-p29-t1-clean.webp,/assets/catalogue/clean_swatches/sky12x18-p29-t1-clean.webp,"1234-LT >S = a RY 4 —, a) ai port , 4 i ; De 4 an ; Joe ey Par On We A . ¥, yg , ae. 4 ’ & ») owe _ Ps . Oke te 7 Sy = Z , Ree ty “a BY eh AS e mae eo Pee st SEW, we GR. ee Ree way a wate POG . “ s ae",high
sky12x18-c029,30,1309-LT,450×300mm,"12""×18""",Glossy,Wall,Tiles,Wall Tiles,product,sky12x18-p30-t1-clean.webp,/assets/catalogue/clean_swatches/sky12x18-p30-t1-clean.webp,Q C Q R | d | | ”Y j ae | “Q \ 2 : N 2 ‘ \ = : Q . Q d d d y ‘S y < y ‘s 450X300 = ~ 1309-LT 450X300 GLOSSY <a,high
sky12x18-c030,31,1309-LT,450×300mm,"12""×18""",Glossy,Wall,Tiles,Wall Tiles,product,sky12x18-p31-t1-clean.webp,/assets/catalogue/clean_swatches/sky12x18-p31-t1-clean.webp,Q C Q R | d | | ”Y j ae | “Q \ 2 : N 2 ‘ \ = : Q . Q d d d y ‘S y < y ‘s 450X300 = ~ 1309-LT 450X300 GLOSSY > »,high
sky12x18-c031,32,,450×300mm,"12""×18""",Glossy,Wall,Tiles,Wall Tiles,product,sky12x18-p32-t1-clean.webp,/assets/catalogue/clean_swatches/sky12x18-p32-t1-clean.webp,"450X300 eee aoe? -oe eee 450X300 450X300 GLOSSY 450X300 GLOSSY = eo} / fs ree — cm - Mag 2 id ~ | . * & a. i, i a ae ' oe ‘ | ’ ae I ! ~ ) . oo | a a ¥ ith am we “ SF) es eo ~ i La —_— is rd - ‘ * . :",placeholder
sky12x18-c032,33,1601-LT,450×300mm,"12""×18""",Glossy,Wall,Tiles,Wall Tiles,product,sky12x18-p33-t1-clean.webp,/assets/catalogue/clean_swatches/sky12x18-p33-t1-clean.webp,"450X300 1601-LT 450X300 1601-LT wi A’ ‘ ‘ “ ‘ 4 pasts 4445) ett my ANS “ *°' 4 . omen PS } f. ‘ D4 : A ey AS ee Q %S ) ah % ; + as ‘ \ . os s “aN A, > oe 4 4; . ' DL a b \ obey ah} bY 3 \ >. sy > Wes)",high
sky12x18-c033,34,1606-LT,450×300mm,"12""×18""",Glossy,Wall,Tiles,Wall Tiles,product,sky12x18-p34-t1-clean.webp,/assets/catalogue/clean_swatches/sky12x18-p34-t1-clean.webp,450X300 1606-LT 450X300 1606-LT 450X300 GLOSSY oe,high
sky12x18-c034,35,1650-LT,450×300mm,"12""×18""",Glossy,Wall,Tiles,Wall Tiles,product,sky12x18-p35-t1-clean.webp,/assets/catalogue/clean_swatches/sky12x18-p35-t1-clean.webp,450X300 1650-LT 450X300 1650-LT 450X300 GLOSSY a <5!,high
sky12x18-c035,36,1655-LT,450×300mm,"12""×18""",Glossy,Wall,Tiles,Wall Tiles,product,sky12x18-p36-t1-clean.webp,/assets/catalogue/clean_swatches/sky12x18-p36-t1-clean.webp,450X300 1655-LT 450X300 1655-LT 450X300 GLOSSY Vad < /,high
sky12x18-c036,37,1671-LT,450×300mm,"12""×18""",Glossy,Wall,Tiles,Wall Tiles,product,sky12x18-p37-t1-clean.webp,/assets/catalogue/clean_swatches/sky12x18-p37-t1-clean.webp,"450X300 1671-LT 450X300 1671-LT ; “eae \ =) - . fy) a ° : y ° - a ~ “ A ; “~ - “ - - - ° \ e , - ° \ \ hb",high
sky12x18-c037,38,1680-LT,450×300mm,"12""×18""",Glossy,Wall,Tiles,Wall Tiles,product,sky12x18-p38-t1-clean.webp,/assets/catalogue/clean_swatches/sky12x18-p38-t1-clean.webp,450X300 1680-LT 450X300 1680-LT 45 | GLO SSY,high
sky12x18-c038,39,1690-LT,450×300mm,"12""×18""",Glossy,Wall,Tiles,Wall Tiles,product,sky12x18-p39-t1-clean.webp,/assets/catalogue/clean_swatches/sky12x18-p39-t1-clean.webp,"450X300 1690-LT 450X300 1690-LT \ \ vy ls ; ' >) We *'« Pus J * ha \ . WG \ lo >“) | Pee “ Mas ,™= ea. : “iy. \\ \ Tay Ver VANS \ \ / ""= "" , ak 4S \ Wa) | — > ‘\ \",high
sky12x18-c039,40,1691-LT,450×300mm,"12""×18""",Glossy,Wall,Tiles,Wall Tiles,product,sky12x18-p40-t1-clean.webp,/assets/catalogue/clean_swatches/sky12x18-p40-t1-clean.webp,450X300 1691-LT 450X300 1691-LT 450X300 GLOSSY,high
sky12x18-c040,41,1691-LT,450×300mm,"12""×18""",Glossy,Wall,Tiles,Wall Tiles,product,sky12x18-p41-t1-clean.webp,/assets/catalogue/clean_swatches/sky12x18-p41-t1-clean.webp,450X300 1691-LT 450X300 1691-LT 450X300 stosey,high
sky12x18-c041,42,1755-LT,450×300mm,"12""×18""",Glossy,Wall,Tiles,Wall Tiles,product,sky12x18-p42-t1-clean.webp,/assets/catalogue/clean_swatches/sky12x18-p42-t1-clean.webp,450X300 1755-LT-(RANDOM) 450X300 1755-LT-(RANDOM) 450X300 GLOSSY a,high
sky12x18-c042,43,1756-LT,450×300mm,"12""×18""",Glossy,Wall,Tiles,Wall Tiles,product,sky12x18-p43-t1-clean.webp,/assets/catalogue/clean_swatches/sky12x18-p43-t1-clean.webp,"450X300 1756-LT-(RANDOM) 450X300 1756-LT-(RANDOM) ""4 /), \ ; ipeta4",high
sky12x18-c043,44,1765-LT,450×300mm,"12""×18""",Glossy,Wall,Tiles,Wall Tiles,product,sky12x18-p44-t1-clean.webp,/assets/catalogue/clean_swatches/sky12x18-p44-t1-clean.webp,450X300 1765-LT-(RANDOM) 450X300 1765-LT-(RANDOM) 450X300 GLOSSY a,high
sky12x18-c044,45,1814-LT,450×300mm,"12""×18""",Glossy,Wall,Tiles,Wall Tiles,product,sky12x18-p45-t1-clean.webp,/assets/catalogue/clean_swatches/sky12x18-p45-t1-clean.webp,450X300 1814-LT 450X300 1814-LT 450X300 GLOSSY,high
sky12x18-c045,46,2016-LT,450×300mm,"12""×18""",Glossy,Wall,Tiles,Wall Tiles,product,sky12x18-p46-t1-clean.webp,/assets/catalogue/clean_swatches/sky12x18-p46-t1-clean.webp,450X300 2016-LT 450X300 {| ae 2016-LT - . ) | Apt aS A | ; ; :,high
sky12x18-c046,47,2026-LT,450×300mm,"12""×18""",Glossy,Wall,Tiles,Wall Tiles,product,sky12x18-p47-t1-clean.webp,/assets/catalogue/clean_swatches/sky12x18-p47-t1-clean.webp,450X300 2026-LT 450X300 2026-LT 450X300 GLOSSY oe wae ye 1 LX,high
sky12x18-c047,48,2033-LT,450×300mm,"12""×18""",Glossy,Wall,Tiles,Wall Tiles,product,sky12x18-p48-t1-clean.webp,/assets/catalogue/clean_swatches/sky12x18-p48-t1-clean.webp,450X300 450X300 450X300 GLOSSY GLOSSY 450X300 —~— te 2033-LT 2033-LT LOSSY mr,high
sky12x18-c048,49,2044-LT,450×300mm,"12""×18""",Glossy,Wall,Tiles,Wall Tiles,product,sky12x18-p49-t1-clean.webp,/assets/catalogue/clean_swatches/sky12x18-p49-t1-clean.webp,450X300 ee ee ee | 2044-LT 450X300 ee ee ee | 2044-LT 450X300 GLOSSY ee ee ee | | Zi,high
sky12x18-c049,50,2062-LT,450×300mm,"12""×18""",Glossy,Wall,Tiles,Wall Tiles,product,sky12x18-p50-t1-clean.webp,/assets/catalogue/clean_swatches/sky12x18-p50-t1-clean.webp,"450X300 Ws! Wi Pa LL to JJ ai / PS ‘ | wy | wy oa i in an aan 2062-LT 450X300 7 hs i), MY) / os YY /f 4A QW Sr, \s (RNIN 2062-LT 450X300 GLOSSY } y (VO ONKONKENYO",high
sky12x18-c050,51,,450×300mm,"12""×18""",Glossy,Wall,Tiles,Wall Tiles,product,sky12x18-p51-t1-clean.webp,/assets/catalogue/clean_swatches/sky12x18-p51-t1-clean.webp,"450X300 450X300 4 J / 1 ‘\ , 1) , \ \ ) 450X300 GLOSSY = . a ° . \ ) none - -“— \\ Pee tee a + a eee ——_E- ————— GLOSSY J/ Si 77",placeholder
sky12x18-c051,52,,450×300mm,"12""×18""",Glossy,Wall,Tiles,Wall Tiles,product,sky12x18-p52-t1-clean.webp,/assets/catalogue/clean_swatches/sky12x18-p52-t1-clean.webp,450X300 450X300 ——S_-—OCA = a ne | GLOS SY 450X300 GLOSSY a 3 et ee ‘ey (ml he | ii || Eh. 8 [a a 6|h6hCUd |_| 7. eee HEEainl _ it | ae on Uae _ ae Ee Sey Hn nH a 1 | ers es ary | Bs | en \ \ _— > ae ,placeholder
sky12x18-c052,53,4002-LT,450×300mm,"12""×18""",Glossy,Wall,Tiles,Wall Tiles,product,sky12x18-p53-t1-clean.webp,/assets/catalogue/clean_swatches/sky12x18-p53-t1-clean.webp,450X300 4002-LT 450X300 4002-LT 450X300 GLOSSY,high
sky12x18-c053,54,4006-LT,450×300mm,"12""×18""",Glossy,Wall,Tiles,Wall Tiles,product,sky12x18-p54-t1-clean.webp,/assets/catalogue/clean_swatches/sky12x18-p54-t1-clean.webp,450X300 4006-LT 450X300 4006-LT 450X300 GLOSSY,high
sky12x18-c054,55,4007-LT,450×300mm,"12""×18""",Glossy,Wall,Tiles,Wall Tiles,product,sky12x18-p55-t1-clean.webp,/assets/catalogue/clean_swatches/sky12x18-p55-t1-clean.webp,450X300 4007-LT 450X300 4007-LT 450X300 GLOSSY,high
sky12x18-c055,56,4016-LT,450×300mm,"12""×18""",Glossy,Wall,Tiles,Wall Tiles,product,sky12x18-p56-t1-clean.webp,/assets/catalogue/clean_swatches/sky12x18-p56-t1-clean.webp,450X300 4016-LT 450X300 4016-LT 450X300 GLOSSY,high
sky12x18-c056,57,4035-LT,450×300mm,"12""×18""",Glossy,Wall,Tiles,Wall Tiles,product,sky12x18-p57-t1-clean.webp,/assets/catalogue/clean_swatches/sky12x18-p57-t1-clean.webp,450X300 4035-LT 450X300 4035-LT 450X300 GLOSSY,high
sky12x18-c057,58,4039-LT,450×300mm,"12""×18""",Glossy,Wall,Tiles,Wall Tiles,product,sky12x18-p58-t1-clean.webp,/assets/catalogue/clean_swatches/sky12x18-p58-t1-clean.webp,450X300 4039-LT 450X300 4039-LT 450X300 GLOSSY,high
sky12x18-c058,59,,450×300mm,"12""×18""",Matte,Wall,Tiles,Wall Tiles,product,sky12x18-p59-t1-clean.webp,/assets/catalogue/clean_swatches/sky12x18-p59-t1-clean.webp,"450X300 450X300 —_—— KON MATT 450X300 450X300 MATT Si A, \ ; ¥ ~ | re ‘ f - = ~ = = 4 ’ __'\ —'N \ =) ws oe \ 4 4 ; *ERI Trt"" / 4 Sf | neal - - i FE \ ee SE A \ \ \ \ \N \ \ aT “hy a ene — 0 Rn gs —~“",placeholder
sky12x18-c059,60,6057-LT,450×300mm,"12""×18""",Matte,Wall,Tiles,Wall Tiles,product,sky12x18-p60-t1-clean.webp,/assets/catalogue/clean_swatches/sky12x18-p60-t1-clean.webp,450X300 6057-LT 450X300 6057-LT 450X300 MATT,high
sky12x18-c060,61,ARCH-WHITE,450×300mm,"12""×18""",Glossy,Wall,Tiles,Wall Tiles,product,sky12x18-p61-t1-clean.webp,/assets/catalogue/clean_swatches/sky12x18-p61-t1-clean.webp,"450X300 . . . | . i en ee ee ee ARCH-WHITE 450X300 / ( / Va Va / ARCH-WHITE 450X300 GLOSSY fi a / ff | . y = ~ fof 4 a ae , ee 2.",high
sky12x18-c061,62,ARCH-WHITE,450×300mm,"12""×18""",Glossy,Wall,Tiles,Wall Tiles,product,sky12x18-p62-t1-clean.webp,/assets/catalogue/clean_swatches/sky12x18-p62-t1-clean.webp,"450X300 . . . | . i en ee ee ee ARCH-WHITE 450X300 / ( / Va Va / ARCH-WHITE 450X300 GLOSSY a / . / / a , , 7 , ~~ ~ ;",high
sky12x18-c062,63,ARCH-WHITE,450×300mm,"12""×18""",Glossy,Wall,Tiles,Wall Tiles,product,sky12x18-p63-t1-clean.webp,/assets/catalogue/clean_swatches/sky12x18-p63-t1-clean.webp,450X300 . . . | . i en ee ee ee ARCH-WHITE 450X300 / ( / Va Va / ARCH-WHITE 450X300 GLOSSY V4 f / /o 4 |,high
sky12x18-c063,64,ARCH-WHITE,450×300mm,"12""×18""",Glossy,Wall,Tiles,Wall Tiles,product,sky12x18-p64-t1-clean.webp,/assets/catalogue/clean_swatches/sky12x18-p64-t1-clean.webp,"450X300 . . | . ir a ee ee ee ARCH-WHITE 450X300 / ( Va Va Va Vy, ARCH-WHITE 450X300 GLOSSY toot 4 / / / / 4 | | | | | : J —- - Xe 3 oa XS",high
sky12x18-c064,65,,450×300mm,"12""×18""",Glossy,Wall,Tiles,Wall Tiles,product,sky12x18-p65-t1-clean.webp,/assets/catalogue/clean_swatches/sky12x18-p65-t1-clean.webp,"Z mo » Yah YY Aal ay ti a. FT BB _ . f - ad ' i -_ ay iw fy A = OO A wy L$) | tas oe d \ ‘A 4 5 d Xx . ' ~, “ bs di zz = ee ad = = 4 — \] 450X300 SPECIAL COLOUR SPECIAL COLOUR 450X300 SPECIAL COLOUR S",placeholder
sky12x18-c065,66,,450×300mm,"12""×18""",Glossy,Wall,Tiles,Wall Tiles,product,sky12x18-p66-t1-clean.webp,/assets/catalogue/clean_swatches/sky12x18-p66-t1-clean.webp,"y | 7, «= ¥ » \% y i f ‘Way wo” y y 4 y a \ a ‘ , , ;, = ee adc firth 6) } f , y & I y 4 j —_ . ’ . ! . : ] | { £ “] oe } | y q mm ' | ; ' \ t ¥ a MI - th ; ; I ‘ y » yy A » sn Ppt’ Att f = — = = SE e",placeholder
sky12x18-c066,67,,450×300mm,"12""×18""",Glossy,Wall,Tiles,Wall Tiles,product,sky12x18-p67-t1-clean.webp,/assets/catalogue/clean_swatches/sky12x18-p67-t1-clean.webp,450X300 iC 450X300 450X300 SPECIAL COLOUR 450X300 SPECIAL COLOUR SPECIAL COLOUR SPECIAL COLOUR,placeholder
sky12x18-c067,68,,450×300mm,"12""×18""",Glossy,Wall,Tiles,Wall Tiles,product,sky12x18-p68-t1-clean.webp,/assets/catalogue/clean_swatches/sky12x18-p68-t1-clean.webp,450X300 ee 450X300 450X300 SPECIAL COLOUR SPECIAL COLOUR 450X300 SPECIAL COLOUR SPECIAL COLOUR,placeholder
sky12x18-c068,69,WOOD-1-LT,450×300mm,"12""×18""",Glossy,Wall,Tiles,Wall Tiles,product,sky12x18-p69-t1-clean.webp,/assets/catalogue/clean_swatches/sky12x18-p69-t1-clean.webp,"450X300 WOOD-1-LT 450X300 ee nee WOOD-1-LT - : i] : ; Ve \ ay gates Wha aiscaies Bh AH ea RY \ : Sa You es a Vea! , ' WAN ANS \\ ’ %, : fi) \ Vd, ’ \ avy A\ 4 Je ‘ 4 vi: AA ota | : 4 iM t ‘A Yas #5 A ",high
sky12x18-c069,70,WOOD-8-LT,450×300mm,"12""×18""",Glossy,Wall,Tiles,Wall Tiles,product,sky12x18-p70-t1-clean.webp,/assets/catalogue/clean_swatches/sky12x18-p70-t1-clean.webp,450X300 WOOD-8-LT 450X300 nn nn WOOD-8-LT 450X300 GLOSSY,high
sky12x18-c070,71,WOOD-10-LT,450×300mm,"12""×18""",Glossy,Wall,Tiles,Wall Tiles,product,sky12x18-p71-t1-clean.webp,/assets/catalogue/clean_swatches/sky12x18-p71-t1-clean.webp,450X300 WOOD-10-LT 450X300 po 2) WOOD-10-LT \ ) % in \ ay \ vy Oa: sh ay a 5 pit Har ik as. ‘ ‘,high
sky12x18-c071,72,WOOD-11-LT,450×300mm,"12""×18""",Glossy,Wall,Tiles,Wall Tiles,product,sky12x18-p72-t1-clean.webp,/assets/catalogue/clean_swatches/sky12x18-p72-t1-clean.webp,450X300 WOOD-11-LT 450X300 co ar WOOD-11-LT 450X300 GLOSSY,high
sky12x18-c072,73,,450×300mm,"12""×18""",Glossy,Wall,Tiles,Wall Tiles,product,sky12x18-p73-t1-clean.webp,/assets/catalogue/clean_swatches/sky12x18-p73-t1-clean.webp,"= ——— SP ald =< wT —s eat y 1 4 we, ¥ 4 rye” NY * ~~ ¥ ~ y ’ | Yoon, Ye , y ay eg ¥ y fo ftRprwwe *“~7,f Bs Bw y 4 os, ‘ ie nf i : | , 4 7 ¥ .) ¢ j 4 | / ; dj £& pk ae) | ” & ME, ‘ | | | — i by a ‘NT ",placeholder
