id,pdfPage,slot,layout,name,altNames,sizeMm,sizeFt,finish,thicknessMm,surface,category,subCategory,textureFile,textureUrl,nameOcrRaw,specsOcrRaw,confidence,note
sunflora-c001,1,2,empty,,Re - R J I As | I 7,600×1200mm,2×4 Ft,Carving,,Floor & Wall,Tiles,Floor & Wall Tiles,sunflora-p01-t1-clean.webp,/assets/catalogue/clean_swatches/sunflora-p01-t1-clean.webp,Re - R J I As | I 7,ay a “i iF i F c J Ww a 1 | a } r : s iil il —,non_product,cover/divider page — not a product
sunflora-c002,2,1,empty,,Collection,600×1200mm,2×4 Ft,Carving,,Floor & Wall,Tiles,Floor & Wall Tiles,sunflora-p02-t1-clean.webp,/assets/catalogue/clean_swatches/sunflora-p02-t1-clean.webp,Collection,CARVING ',non_product,cover/divider page — not a product
sunflora-c003,3,1,A,Cv Boto Grey,,600×1200mm,2×4 Ft,Carving,,Floor & Wall,Tiles,Floor & Wall Tiles,sunflora-p03-t1-clean.webp,/assets/catalogue/clean_swatches/sunflora-p03-t1-clean.webp,CV BOTO GREY = . CV BOTO GREY,Size [ff 600x1200mm Finish *. CARVING Random 3) «COU Thiclnacc,high,
sunflora-c004,4,2,B,Cv Silestone White / Cv Silestone Nero,Adit - Am Oh O 7 | Me Nero Eee,600×1200mm,2×4 Ft,Carving,9.0,Floor & Wall,Tiles,Floor & Wall Tiles,sunflora-p04-t1-clean.webp,/assets/catalogue/clean_swatches/sunflora-p04-t1-clean.webp,Adit - Am Oh O 7 | Me Nero Eee,"VV VILEQSIVNE Write cea The cir). ""1 ’ ad ‘ & ~é > ' , ™ —.- ‘ - 7 ‘ ’ \ : a , ’ ‘ 4 wm 2 ¢ 3 644-20 , o pet a2 ~~ . . ~ ° d , >». “| ‘ ty : - ] 7 4 : ‘ : ** . "" 4 o ' _* ‘ ¥ : ‘ "" : - “ o + P % : #6 ",high,
sunflora-c005,5,2,B,Cv Travertino Beige,Win F Ants Rd | Se Tele Apa Trees On Ps,600×1200mm,2×4 Ft,Carving,,Floor & Wall,Tiles,Floor & Wall Tiles,sunflora-p05-t1-clean.webp,/assets/catalogue/clean_swatches/sunflora-p05-t1-clean.webp,Win F Ants Rd | Se Tele Apa Trees On Ps,". =. i ) = _ ae i P * . oie en: = ’ ‘ See ee eA Cee eee ot pee a San on Yr aa, ee "" i 2 She, mit 4 ; =) ™ ¥ : - ba ~~ aN aa - a 7 wile ’ <a - — Sb . wd ~ —— int -.. a fh, _ — “4 : - _ : a ee - a” ar =",high,
sunflora-c006,6,1,A,Sp Crystal Black,,600×1200mm,2×4 Ft,Sparkle With Granulla,,Floor & Wall,Tiles,Floor & Wall Tiles,sunflora-p06-t1-clean.webp,/assets/catalogue/clean_swatches/sunflora-p06-t1-clean.webp,SP CRYSTAL _— SP CRYSTAL BLACK,Size [ff 600x1200mm Finish *. SPARKLE WITH GRANULLA Random 4 Ill Thicknace,high,
sunflora-c007,7,2,B,Sp Crystal Silver,Ae A Sasaililed R Ad Tw | Aa 4 Ae 4,600×1200mm,2×4 Ft,Carving,,Floor & Wall,Tiles,Floor & Wall Tiles,sunflora-p07-t1-clean.webp,/assets/catalogue/clean_swatches/sunflora-p07-t1-clean.webp,Ae A Sasaililed R Ad Tw | Aa 4 Ae 4,"> bef * a ¥ OR ae i te BN Sy RS i. > = r : r hy * age” * i e e 7 ¢ "" J Song Te - SPM EEN \7 >» - _ _ a ~~"" fs A - 3 na i 5 he _— he ” % ' 3 vr i o 6 - Sg 4 “ i) ' eo oe — a \# : e Bs. oe Lf Be Set Mig",high,
sunflora-c008,8,1,A,Sp Denim Nero,,600×1200mm,2×4 Ft,Sparkle With Granulla,,Floor & Wall,Tiles,Floor & Wall Tiles,sunflora-p08-t1-clean.webp,/assets/catalogue/clean_swatches/sunflora-p08-t1-clean.webp,SP DENIM NERO = SP DENIM NERO,| Size (ff 600x1200mm Finish *. SPARKLE WITH GRANULLA Random 1 Ill Thickness,high,
sunflora-c009,9,2,B,Sp Denim White,Se Ee Ss Aaa Ae Aeeees | Ti T T,600×1200mm,2×4 Ft,Carving,,Floor & Wall,Tiles,Floor & Wall Tiles,sunflora-p09-t1-clean.webp,/assets/catalogue/clean_swatches/sunflora-p09-t1-clean.webp,Se Ee Ss Aaa Ae Aeeees | Ti T T,"Fan ela en op ce ! a | ee | eee \ Gea i is i] He bt ' i a8 4 { He : P| ar ’ j * Pt i i i / — 3 He ‘i ne : i. ed ; A SE ceweoe bet S p i t~«* . i ""DO"", ei en he [reteset seecrny i ; +; ' ’ Sh ; ti H Vi",high,
sunflora-c010,10,2,B,Sp Flicker Brown,Ay 7 F I Ai A | Ye Me,600×1200mm,2×4 Ft,Carving,,Floor & Wall,Tiles,Floor & Wall Tiles,sunflora-p10-t1-clean.webp,/assets/catalogue/clean_swatches/sunflora-p10-t1-clean.webp,Ay 7 F I Ai A | Ye Me,"“ | i : jay : : : - « ; , . , > .) : , : > : ¢ ° . - 7 . , id . o* ; - ‘ és Ma BS oa * “- ». > . oe ~ Pal . r* a te y >», « ’ ny ‘be j - a} f ’ 4 - , oe t% . ’ 4 _ 4 o>, * b oe ~~ ¢ ig oe OATES G0 oe”",high,
sunflora-c011,11,2,B,Sp Iconic Beige Decor / Sp Iconic Beige Frame,SP Iconic Beige Decor 7 El Er I Ia Enc 7 X | Beige Frame,600×1200mm,2×4 Ft,Sparkle With Granulla,9.0,Floor & Wall,Tiles,Floor & Wall Tiles,sunflora-p11-t1-clean.webp,/assets/catalogue/clean_swatches/sunflora-p11-t1-clean.webp,SP Iconic Beige Decor 7 El Er I Ia Enc 7 X | Beige Frame,"= . J ¥ - | J | 3 id as ; +f e 4 : a . <"" _— ” Ya . , I 7 ‘i ¥ fey oe RS "" hh r ‘sm "" = P “oe 7’ : on i —~ - ” i 7 oo a P a ¢ Pe Se why, - = : - . * i . i . Py ~ 8 *. a : r¢ —. x . SAY t5% ' oe Y je 4",high,
sunflora-c012,12,2,B,Sp Omicron Beige,Ae Ys Eee | Fae Mo S Ten R Iw,600×1200mm,2×4 Ft,Carving,,Floor & Wall,Tiles,Floor & Wall Tiles,sunflora-p12-t1-clean.webp,/assets/catalogue/clean_swatches/sunflora-p12-t1-clean.webp,Ae Ys Eee | Fae Mo S Ten R Iw,", ‘ hd r ° mi Fo , 4 ; 4! eet fee ee Ree, f PO ‘. : 4% Fa f } , ‘4 - By a i Fig ‘ < j Pe ‘ » at .- "" ‘ A! : ur a a : 4 : * i = . b , = ae = 7. ae oe ea ae ae ~ _* 7 ‘ § is we wv “ . a 4 7, be all, _ L",high,
sunflora-c013,13,1,A,Sp Subway Black Decor,,600×1200mm,2×4 Ft,Sparkle With Granulla,,Floor & Wall,Tiles,Floor & Wall Tiles,sunflora-p13-t1-clean.webp,/assets/catalogue/clean_swatches/sunflora-p13-t1-clean.webp,° con BLAC = SP SUBWAY BLACK DECOR,a Size |& 600x1200mm Finish *. SPARKLE WITH GRANULLA Random 1 I Thickness,high,
sunflora-c014,14,2,B,Sp Subway White Decor,Te Scsss Feo Ss | Ov En Ee - Po,600×1200mm,2×4 Ft,Carving,,Floor & Wall,Tiles,Floor & Wall Tiles,sunflora-p14-t1-clean.webp,/assets/catalogue/clean_swatches/sunflora-p14-t1-clean.webp,Te Scsss Feo Ss | Ov En Ee - Po,"i ” a ™ - a"" a x : ° - a * “ oF Pal ” ‘ , J J - - ce 2 os al —— - ” Py - “il d * "" baa a * 4 * : - Wr er” . r . A AA ——~ Ma Se ama a 4 ————— : . _ oo. 4 _ ~ - = a - # J Md o : > ra - = = =—- - « > - <",high,
sunflora-c015,15,2,B,Sp Terra Black,Wa 4 W E In | We Eo -7 16 F,600×1200mm,2×4 Ft,Carving,,Floor & Wall,Tiles,Floor & Wall Tiles,sunflora-p15-t1-clean.webp,/assets/catalogue/clean_swatches/sunflora-p15-t1-clean.webp,Wa 4 W E In | We Eo -7 16 F,". Z 7 +8 2 ’ vy = = ; - @ 7. 4 = ae Zz oe“ gs @ s , . ¢€ r 7 4 > @ os a _ a . >. aN ee 4 = wa m bes ™ ‘ole a ee ‘ » . ded ~a i i—- * vw, @7 @* a W -~ 7 ~ a ° ba ”",high,
sunflora-c016,16,2,B,Sp Terra White,Kre A - Y Rt | Ll Il P 5 Yg E,600×1200mm,2×4 Ft,Carving,,Floor & Wall,Tiles,Floor & Wall Tiles,sunflora-p16-t1-clean.webp,/assets/catalogue/clean_swatches/sunflora-p16-t1-clean.webp,Kre A - Y Rt | Ll Il P 5 Yg E,«+o oe” As ak: ae b ve er wa oO. ad > “»s al . ‘ ® J ek 2%. . = - “! f . » 7 a 4 se ay & % @ y — = pwr % _* . a Pou : 5-4 9 “o® < > 7 y ! v : by Mm wee ge” sae yo. ¢ > . ws Oo Le Oo 8 & ¢4 a * = a ¥ ™,high,
sunflora-c017,17,2,B,Sp Wing Pink,' . | Ss Veo,600×1200mm,2×4 Ft,Carving,,Floor & Wall,Tiles,Floor & Wall Tiles,sunflora-p17-t1-clean.webp,/assets/catalogue/clean_swatches/sunflora-p17-t1-clean.webp,' . | Ss Veo,"a - "" m= 2 ae all oa _ t | bd -~ : , , | , . - = ' : » = == ” ms ’ - w wl , . t tiie } a7 I — = ie . SP [ ik -_ oi ‘ . ri - = = ° 7 \ » . 4 ' . a —_— — - _ Pe 60 | —",high,
sunflora-c018,18,2,B,Subway Carara Decor / Subway Carara,Subway Carara Seco Subway Carara Decor | Sbubluebllewelube Weee,600×1200mm,2×4 Ft,Carving,,Floor & Wall,Tiles,Floor & Wall Tiles,sunflora-p18-t1-clean.webp,/assets/catalogue/clean_swatches/sunflora-p18-t1-clean.webp,Subway Carara Seco Subway Carara Decor | Sbubluebllewelube Weee,"SUBWAY CARARA DECOR ” ee : ba | a») i. ii i ih hi : iP | ~ a) | | an | | if bY | I i | |i | jie, AEC So ae — —e"" > — ee : a whe ji i =e a a - aa J ) — im iy —"" - ill — a _ a F a = . > - = - = 2 Ed _— ",high,
sunflora-c019,19,2,B,Sense Pearl Decor / Sense Pearl,Sense Pearl Decor | Fess,600×1200mm,2×4 Ft,Carving,,Floor & Wall,Tiles,Floor & Wall Tiles,sunflora-p19-t1-clean.webp,/assets/catalogue/clean_swatches/sunflora-p19-t1-clean.webp,Sense Pearl Decor | Fess,\ wh 2 be D @)}° : rv? co } : ey = . F; - . ee pew es ls L L =) . = f 4 * - “3 iit Fi = a Biers = : ae a — — oa 2. om: ar if GS Fe: r ” iT ‘ a ; a = ’ 1 . 3 ‘> “ >? ‘ 4 - | Cl am 1. ued fa . a Se [ e ,high,
sunflora-c020,20,1,A,Sense Flora Decor / Sense Flora,,600×1200mm,2×4 Ft,Carving,,Floor & Wall,Tiles,Floor & Wall Tiles,sunflora-p20-t1-clean.webp,/assets/catalogue/clean_swatches/sunflora-p20-t1-clean.webp,"~. C wa & e DC « © z = ; & - «. eof, ‘ oa OT ei ou a & a er oT 2 bt ££ & go ay —) ara - c ~ ane a 3. moe | Se. - bee é + mr 2e a r pw OF - bs z 7 Se - Cc L q - a on re) ~ ke int u4 71",* | 5,high,
sunflora-c021,21,1,A,Prestige Mint Decor,,600×1200mm,2×4 Ft,Carving,,Floor & Wall,Tiles,Floor & Wall Tiles,sunflora-p21-t1-clean.webp,/assets/catalogue/clean_swatches/sunflora-p21-t1-clean.webp,en _—— --: _ _ — — - ; -_- . . - - ~ Ja an ~ -_ oe. fe -_— - wee eee Cee ee orn 4 - - an sH-+- 5 ITS oan le say,.) 5,high,
sunflora-c022,22,2,B,Prestige Crackle Decor / Prestige Crackle,Prestige Crackle Decor - A Ooo | Prestige Crackle,600×1200mm,2×4 Ft,Carving,,Floor & Wall,Tiles,Floor & Wall Tiles,sunflora-p22-t1-clean.webp,/assets/catalogue/clean_swatches/sunflora-p22-t1-clean.webp,Prestige Crackle Decor - A Ooo | Prestige Crackle,"PRESTIGE CRACKLE DECOR — _, = - - * ol iz y —_ \ l. f l ar = er ' a = —— = Yuen a i il Be : OE oe oe a | hea oe init § *y I q ' i ; f 1 r a 4 oie vo ee a, “Tier: | « “Yel hRerwnecc | Sleslasn sLtT.7. ",high,
sunflora-c023,23,2,B,Mozo Midas Decor,Mozo Midas Decor A | Po Ct V Ay Val,600×1200mm,2×4 Ft,Carving,,Floor & Wall,Tiles,Floor & Wall Tiles,sunflora-p23-t1-clean.webp,/assets/catalogue/clean_swatches/sunflora-p23-t1-clean.webp,Mozo Midas Decor A | Po Ct V Ay Val,"MOZO MIDAS DECOR | ; ey oe WG ; : e- by a 0 . . - - “Fee e - : 4 “hav > “ » i ~ t Le ; 3 i * ‘ . > ny e : . ra a ° an* Pe | LJ . bed a ""4a\>\« rem ry we Pat oe tl",high,
sunflora-c024,24,2,B,Monostone Crema Decor,Monostone Crema Decor Monostone Crema Decor | See St Tl A,600×1200mm,2×4 Ft,Carving,,Floor & Wall,Tiles,Floor & Wall Tiles,sunflora-p24-t1-clean.webp,/assets/catalogue/clean_swatches/sunflora-p24-t1-clean.webp,Monostone Crema Decor Monostone Crema Decor | See St Tl A,MONOS TONE CREMA DECOR,high,
sunflora-c025,25,2,B,Monostone Brown Decor,Brown Decor Monostone Brown Decor | Enone,600×1200mm,2×4 Ft,Carving,,Floor & Wall,Tiles,Floor & Wall Tiles,sunflora-p25-t1-clean.webp,/assets/catalogue/clean_swatches/sunflora-p25-t1-clean.webp,Brown Decor Monostone Brown Decor | Enone,> fT) VVAN 7 e)° VION © ON 21°20 7 | bal / wa hy E | Het | | ! fal Gl = E ai ij | | at,high,
sunflora-c026,26,2,B,Fort Crema Decor / Fort Crema,Ge I Hen Il Ane Ear | Ie A,600×1200mm,2×4 Ft,Carving,,Floor & Wall,Tiles,Floor & Wall Tiles,sunflora-p26-t1-clean.webp,/assets/catalogue/clean_swatches/sunflora-p26-t1-clean.webp,Ge I Hen Il Ane Ear | Ie A,"@}* REMA LD Ok ; fa oe te d ; SS | Sia oy ; { : ; : ie oe ‘ , 4 } : ; - - ; f 4 . it 7 ‘ 7 F i} t f ; i : | ; ‘ t ' ; ' 8 ‘ ta - 7 7 7 4 ¥ \ ; f 24 SS - ob dpe 9-4 : } = ‘ i 7 i ; e t ; ‘ : Y } F 7 } ",high,
sunflora-c027,27,2,B,Fort Brown Decor / Fort Brown,Fort Brown Decor Fort Brown Decor | Eosin,600×1200mm,2×4 Ft,Carving,,Floor & Wall,Tiles,Floor & Wall Tiles,sunflora-p27-t1-clean.webp,/assets/catalogue/clean_swatches/sunflora-p27-t1-clean.webp,Fort Brown Decor Fort Brown Decor | Eosin,e)° > i y > OWN DO @)°,high,
sunflora-c028,28,2,B,Endless Collection,Endless Collection Parvials | La La,600×1200mm,2×4 Ft,Carving,,Floor & Wall,Tiles,Floor & Wall Tiles,sunflora-p28-t1-clean.webp,/assets/catalogue/clean_swatches/sunflora-p28-t1-clean.webp,Endless Collection Parvials | La La,CARVING ENDLESS =,medium,
sunflora-c029,29,1,A,End Strom Grey,,600×1200mm,2×4 Ft,Carving,,Floor & Wall,Tiles,Floor & Wall Tiles,sunflora-p29-t1-clean.webp,/assets/catalogue/clean_swatches/sunflora-p29-t1-clean.webp,END STROM GREY _ PToorms END STROM GREY,Size 600x1200mm Finish *. CARVING ENDLESS Random 3) «OL Thickness,high,
sunflora-c030,30,2,B,End Flora Aqua,Uf Bed | Say Ae Th Ey Ps Ee,600×1200mm,2×4 Ft,Carving,,Floor & Wall,Tiles,Floor & Wall Tiles,sunflora-p30-t1-clean.webp,/assets/catalogue/clean_swatches/sunflora-p30-t1-clean.webp,Uf Bed | Say Ae Th Ey Ps Ee,"“— 7 —_ ‘ F i ‘ a inal o* ' om . -. < : ~ , ( - :. ; } 7 ‘ ; a 4 on ~~ “a we ae _ * ys. - - F is re 4 . fi eee iy, ya _ 6 “ ; a Ja < / * e Ys —_ ; _. f . “_ P 2 co. 60 Pe a all - » “ f al ~- bd y i u ",high,
sunflora-c031,31,2,B,End Spark Statuario,A Eo | Aie A Nt,600×1200mm,2×4 Ft,Carving,,Floor & Wall,Tiles,Floor & Wall Tiles,sunflora-p31-t1-clean.webp,/assets/catalogue/clean_swatches/sunflora-p31-t1-clean.webp,A Eo | Aie A Nt,"— — ""ae al a i -* - — w Pos - a —a—< = a a er - EN a 4 a et el Pod = - a ae ot — - e : ze “a Siz om - - . — — 60) ” aa 4 _ae",high,
sunflora-c032,32,1,A,End Flora Gold,,600×1200mm,2×4 Ft,Carving,,Floor & Wall,Tiles,Floor & Wall Tiles,sunflora-p32-t1-clean.webp,/assets/catalogue/clean_swatches/sunflora-p32-t1-clean.webp,", END FLORA GOLD = aenane’ a ee END FLORA GOLD A",= Size 600x1200mm ~ Finish + 4 CARVING ENDLESS “ Random 1 Ill - Thickness,high,
sunflora-c033,33,2,B,End Antheni Mint / End Antheni Pink,An Par Os Pe 5 En | Prandom 3,600×1200mm,2×4 Ft,Carving,9.0,Floor & Wall,Tiles,Floor & Wall Tiles,sunflora-p33-t1-clean.webp,/assets/catalogue/clean_swatches/sunflora-p33-t1-clean.webp,An Par Os Pe 5 En | Prandom 3,"a = ae “ts We es th, aid —— | ee %. af ra 7 5 1 - ao, a nts ne Fal _ . a | i ‘5 4 "" ” a lee ae ae , or A = | fs A 4 ’ me = it ¢eal ae r 4 7 - ¥ 3 vil gi ' as . . "" | 7 awe ‘ 1 - ‘ = ie oo a J > ge! er",high,
sunflora-c034,34,2,B,End Antheni Grey / End Antheni Nero,END Antheni Grey A . END Antheni Grey | So Eo,600×1200mm,2×4 Ft,Carving,9.0,Floor & Wall,Tiles,Floor & Wall Tiles,sunflora-p34-t1-clean.webp,/assets/catalogue/clean_swatches/sunflora-p34-t1-clean.webp,END Antheni Grey A . END Antheni Grey | So Eo,"“ip Py 4 —— | = —e ; - yp Z ot a - , : ai’ — Pe ro. 2 hus * a % ” hy wee fat 5 o ¢ i F ’ . : * me a # ial : 4 i, ws “ - Fs , "" : er . . i , A ' ee a . i L-< _ 3 : ‘ % - &§ er 1h ; be a > 4.4 “ . fr gs",high,
sunflora-c035,35,2,B,Diamond Onyx Decor,Sumone Onyx Decor Diamond Onyx Decor | Ee S,600×1200mm,2×4 Ft,Carving,,Floor & Wall,Tiles,Floor & Wall Tiles,sunflora-p35-t1-clean.webp,/assets/catalogue/clean_swatches/sunflora-p35-t1-clean.webp,Sumone Onyx Decor Diamond Onyx Decor | Ee S,VIAMOND ONTA DECOK Giirfarce ‘CHR Thicknecc '9 fmm DanAara: 2,high,
sunflora-c036,36,2,B,3D-1001,Wo Pw | Gi 7,600×1200mm,2×4 Ft,Carving,,Floor & Wall,Tiles,Floor & Wall Tiles,sunflora-p36-t1-clean.webp,/assets/catalogue/clean_swatches/sunflora-p36-t1-clean.webp,Wo Pw | Gi 7,"A dn ioe n “ aa \ . yA ; , ¢ a "" % : # he r P ? A, Me NAT : * ~ | p = |",medium,
